-- phpMyAdmin SQL Dump
-- version 3.5.1
-- http://www.phpmyadmin.net
--
-- Хост: 127.0.0.1
-- Время создания: Июн 14 2016 г., 15:38
-- Версия сервера: 5.5.25
-- Версия PHP: 5.3.13

SET SQL_MODE="NO_AUTO_VALUE_ON_ZERO";
SET time_zone = "+00:00";


/*!40101 SET @OLD_CHARACTER_SET_CLIENT=@@CHARACTER_SET_CLIENT */;
/*!40101 SET @OLD_CHARACTER_SET_RESULTS=@@CHARACTER_SET_RESULTS */;
/*!40101 SET @OLD_COLLATION_CONNECTION=@@COLLATION_CONNECTION */;
/*!40101 SET NAMES utf8 */;

--
-- База данных: `control_system_project`
--

-- --------------------------------------------------------

--
-- Структура таблицы `adjacency_list`
--

CREATE TABLE IF NOT EXISTS `adjacency_list` (
  `id` int(11) NOT NULL AUTO_INCREMENT,
  `parent_id` int(11) DEFAULT NULL,
  `name` varchar(200) COLLATE cp1251_ukrainian_ci NOT NULL,
  `level` int(11) NOT NULL,
  PRIMARY KEY (`id`)
) ENGINE=InnoDB  DEFAULT CHARSET=cp1251 COLLATE=cp1251_ukrainian_ci AUTO_INCREMENT=124 ;

--
-- Дамп данных таблицы `adjacency_list`
--

INSERT INTO `adjacency_list` (`id`, `parent_id`, `name`, `level`) VALUES
(1, NULL, 'Розвиток Харківської області', 1),
(2, 1, 'Конкурентоспроможність та зростання ВРП', 2),
(3, 1, 'Зменшення територіальних диспропорцій у якості життя та поліцентричний розвиток', 2),
(4, 1, 'Ефективне управління місцевим розвитком', 2),
(5, 2, 'Освіта', 3),
(6, 2, 'Будівельні роботи', 3),
(7, 2, 'Альтернативні джерела енергії', 3),
(8, 2, 'Екологія', 3),
(9, 2, 'Технології', 3),
(10, 2, 'Культра', 3),
(11, 2, 'Соціальні процеси', 3),
(12, 2, 'Облік', 3),
(13, 2, 'Туризм', 3),
(14, 2, 'Медицина', 3),
(15, 3, 'Транспорт', 3),
(16, 3, 'Екологія', 3),
(17, 3, 'Будівельні роботи', 3),
(18, 3, 'Технології', 3),
(19, 3, 'Соціальні процеси', 3),
(20, 3, 'Облік', 3),
(21, 3, 'Медицина', 3),
(23, 3, 'Освіта', 3),
(24, 3, 'Культура', 3),
(25, 4, 'Освіта', 3),
(26, 4, 'Технології', 3),
(27, 4, 'Будівельні роботи', 3),
(28, 4, 'Екологія', 3),
(29, 4, 'Соціальні процеси', 3),
(30, 4, 'Культура', 3),
(31, 4, 'Спорт', 3),
(32, 4, 'Медицина', 3),
(33, 5, 'Практична підготовка', 4),
(34, 5, 'Студенський табір', 4),
(35, 5, 'Програма розвитку', 4),
(36, 5, 'ІТ', 4),
(37, 6, 'Водопосточання', 4),
(38, 6, 'Виробничі приміщення', 4),
(39, 6, 'Газопосточання', 4),
(40, 6, 'Електропосточання', 4),
(41, 6, 'Каналізація', 4),
(42, 6, 'Житлові приміщення', 4),
(43, 6, 'Звалищє', 4),
(44, 6, 'Заміна обладненя', 4),
(45, 7, 'Вітер', 4),
(46, 7, 'Вода', 4),
(47, 7, 'Теполо', 4),
(48, 7, 'Паливо', 4),
(49, 8, 'Утилізація відходів', 4),
(50, 8, 'Аналіз якості', 4),
(51, 8, 'Приберання', 4),
(52, 9, 'Інформаційні технології', 4),
(53, 9, 'Біржа трансферу', 4),
(54, 9, 'Показники надійності', 4),
(55, 9, 'Розработка/Планування/Керування', 4),
(56, 9, 'Оцінка бюджету', 4),
(57, 10, 'Охорона', 4),
(58, 10, 'Програма розвитку', 4),
(59, 10, 'Організація культурних заходів', 4),
(60, 11, 'Пропоганда', 4),
(61, 12, 'Прлади для вимірювання', 4),
(62, 12, 'Моніторінг', 4),
(63, 13, 'Готелі', 4),
(64, 13, 'Програма розвитку', 4),
(65, 13, 'Екологічний туризм', 4),
(66, 14, 'Покращення обслуговування', 4),
(67, 15, 'Безпека дорожньго руху', 4),
(68, 16, 'Оцінка якості', 4),
(69, 16, 'Очищення', 4),
(70, 16, 'Програма розвитку', 4),
(71, 16, 'Утілізація відходів', 4),
(72, 17, 'Каналізація', 4),
(73, 17, 'Житлові приміщення', 4),
(74, 17, 'Нежитлові приміщення', 4),
(75, 17, 'Виробничі приміщення', 4),
(76, 17, 'Газопосточання', 4),
(77, 17, 'Водопосточання', 4),
(78, 17, 'Електропосточання', 4),
(79, 17, 'Освітлення', 4),
(80, 18, 'Розработка/Планування/Керування', 4),
(81, 18, 'Програма розвитку', 4),
(82, 18, 'Інформаційні технології', 4),
(83, 19, 'Захист/Допомога', 4),
(84, 19, 'Формування громад', 4),
(85, 19, 'Програма розвитку', 4),
(86, 19, 'Виховання нормам', 4),
(87, 20, 'Інвітарізація', 4),
(88, 21, 'Пропоганда', 4),
(89, 21, 'Покращення обслуговування', 4),
(90, 23, 'Програма розвитку', 4),
(91, 23, 'Бібліотека', 4),
(92, 23, 'Пропоганда', 4),
(93, 24, 'Програма розвитку', 4),
(94, 24, 'Пропоганда', 4),
(95, 25, 'Іноземні мови', 4),
(96, 25, 'Програма розвитку', 4),
(97, 25, 'Підвищення кваліфікації', 4),
(98, 25, 'Пропоганда', 4),
(99, 26, 'Розработка/Планування/Керування', 4),
(100, 26, 'Моніторінг', 4),
(101, 26, 'Інформаційні технології', 4),
(102, 27, 'Водопосточання', 4),
(103, 27, 'Каналізація', 4),
(104, 27, 'Виробничі приміщення', 4),
(105, 27, 'Житлові приміщення', 4),
(106, 27, 'Транспорт', 4),
(107, 27, 'Освітлення', 4),
(108, 27, 'Газопосточання', 4),
(109, 28, 'Утілізація відходів', 4),
(110, 28, 'Проекти розвитку', 4),
(111, 29, 'Корупція', 4),
(112, 29, 'АТО', 4),
(113, 29, 'Допомога', 4),
(114, 29, 'Діти/Ветерани...', 4),
(115, 30, 'Вивчання моральних норм', 4),
(116, 30, 'Програма розвитку', 4),
(117, 30, 'Пропоганда', 4),
(118, 31, 'Покращення умов розвитку', 4),
(119, 32, 'Комфортні умови', 4),
(120, 27, 'Нежитлові приміщення', 4),
(121, 29, 'Створення громад', 4),
(122, 6, 'Нежилі приміщення', 4),
(123, 5, 'Програма розвитку', 4);

-- --------------------------------------------------------

--
-- Дублирующая структура для представления `all_data`
--
CREATE TABLE IF NOT EXISTS `all_data` (
`lvl_one` varchar(200)
,`lvl_two` varchar(200)
,`lvl_tree` varchar(200)
,`lvl_four` varchar(200)
,`project` varchar(255)
,`time_start` date
,`time_finish` date
);
-- --------------------------------------------------------

--
-- Структура таблицы `customer`
--

CREATE TABLE IF NOT EXISTS `customer` (
  `id` int(11) NOT NULL AUTO_INCREMENT,
  `name` varchar(255) COLLATE cp1251_ukrainian_ci NOT NULL,
  `id_type` int(11) NOT NULL,
  PRIMARY KEY (`id`),
  KEY `id_type` (`id_type`)
) ENGINE=InnoDB  DEFAULT CHARSET=cp1251 COLLATE=cp1251_ukrainian_ci AUTO_INCREMENT=389 ;

--
-- Дамп данных таблицы `customer`
--

INSERT INTO `customer` (`id`, `name`, `id_type`) VALUES
(1, ' КЗОЗ «Зміївська центральна районна лікарня» Зміївської районної ради Харківської області', 1),
(2, ' Комунальне підприємство «Чугуїввода»', 2),
(3, 'Андріївська загальноосвітня школа І-ІІІ ступенів №1 Балаклійської районної ради Харківської області', 3),
(4, 'Багатофункціональний сільськогосподарський обслуговуючий кооператив «Чугуївський сільський сервісний центр»', 24),
(5, 'Балаклійська РДА', 5),
(6, 'Батьківський комітет (рада) Куп''янського ДНЗ №2', 7),
(7, 'Батьківський комітет групи раннього віку Шелестівського НВК Коломацького району', 7),
(8, 'Берецька сільська рада Первомайського району Харківської області', 8),
(9, 'Бірківська селищна рада Нововодолазького району Харківської області', 8),
(10, 'Бірківська сільська рада Зміївського району Харківської області', 8),
(11, 'Благодійна організація «Благодійний фонд «Золотий Пегас»', 9),
(12, 'Благодійна організація «Благодійний фонд Девіда Лінча в підтримку досконалої освіти та всесвітнього миру»', 9),
(13, 'Близнюківська районна рада Харківської області', 10),
(14, 'Близнюківська селищна рада Близнюківського району Харківської області.', 8),
(15, 'Богодухівська міська рада Харківської області', 11),
(16, 'Бугаївський навчальновиховний комплекс Ізюмської районної ради Харківської області', 12),
(17, 'Ватутінська сільська рада Нововодолазького району Харківської області', 8),
(18, 'Великобурлуцьке комунальне водопровідноканалізаційне підприємство «Водоканал»', 2),
(19, 'Виконавчий комітет Ізюмської міської ради', 11),
(20, 'Виконком Люботинської міської ради', 11),
(21, 'Вишнівська загальноосвітня школа І-ІІІ ступенів Балаклійської районної ради Харківської області', 3),
(22, 'Вишнівська сільська рада Балаклійського району Харківської області', 8),
(23, 'Відділ культури і туризму Первомайської райдержадміністрації', 5),
(24, 'Відділ освіти Великобурлуцької районної державної адміністрації Харківської області', 5),
(25, 'Відділ освіти Дергачівської районної державної адміністрації', 5),
(26, 'Відділ освіти Зміївської районної державної адміністрації', 5),
(27, 'Відділ освіти Зміївської РДА', 5),
(28, 'Відділ освіти Золочівської районної державної адміністрації', 5),
(29, 'Відділ освіти Лозівської міської ради Харківської області', 11),
(30, 'Відділ освіти Первомайськой райдержадміністрації', 5),
(31, 'Відділ освіти Чугуївської районної державної адміністрації', 5),
(32, 'Вільчанська ГО інвалідів, потерпілих, ліквідаторів та евакуйованих ''Чорнобильська пам''ять'' Вовчанського району', 13),
(33, 'Вільшанська селищна рада', 8),
(34, 'Вірнопільська загальноосвітня школа І-ІІІ ступенів Ізюмської районної ради Харківської області', 3),
(35, 'Вовчанська міська рада', 11),
(36, 'Вовчанська районна громадська організація розвитку ініціатив', 13),
(37, 'Водопровідно-каналізаційне комунальне управління Люботинської міської ради', 11),
(38, 'Гапоник Сітлана Володимирівна, Русанов Андрій Вікторович', 28),
(39, 'ГО ''Бурундучок'' (Великобурлуцький район)', 13),
(40, 'ГО ''Велоклуб ''Карбон'' м.Чугуїв', 13),
(41, 'ГО ''Вербівчанка 1''', 13),
(42, 'ГО ''Відродження 3'' (Красноградський район)', 13),
(43, 'ГО ''Відродження'' (Красноградський район)', 13),
(44, 'ГО ''Громадський центр Куп''янської гімназії №1 ''Діти України'' м.Куп‘янськ', 13),
(45, 'ГО ''Зміївська районна організація ветеранів'' Зміївського району', 13),
(46, 'ГО ''Культурна ініціатива Балаклійщини''', 13),
(47, 'ГО ''Лозівський центр інвалідів, дітей-інвалідів та їх батьків ''Жемчужинки''', 13),
(48, 'ГО ''МАЕРС'' (Сахновщинський район)', 13),
(49, 'ГО ''Майбутнє Мерефи'' (Харківський район)', 13),
(50, 'ГО ''Майбутнє молоді'' м.Чугуїв', 13),
(51, 'ГО ''Надія-К'' Ізюмського району', 13),
(52, 'ГО ''Обрій'' (Первомайський район)', 13),
(53, 'ГО ''Ріднокрай'' Красноградського району', 13),
(54, 'ГО ''Розвиток''', 13),
(55, 'ГО ''Слобода'' (Первомайський район)', 13),
(56, 'Гордієнко Дар`я Яшкіна Ольга', 28),
(57, 'Грідасова Людмила Володимирівна Завідувач сектору культури і туризму Великобурлуцької РДА', 5),
(58, 'Громадська неприбуткова організація – Харківське регіональне відділення Спілки сприяння розвитку сільського зеленого туризму в Україні', 13),
(59, 'Громадська організація «Міжнародний ноосферний центр Вернадського»', 13),
(60, 'Громадська організація «Нова енергія»', 13),
(61, 'Громадська організація «Правозахисне об‘єднання «Свобода від маніпуляцій»', 13),
(62, 'Громадська організація «Товариство учасників руху»', 13),
(63, 'Громадська Організація «Харківська платформа розвитку культури і туризму»', 13),
(64, 'Громадська організація «ХАРКІВСЬКИЙ СТУДЕНТСЬКИЙ ЦЕНТР»', 13),
(65, 'Громадська організація «Явірянка» Пришибської сільської ради Балаклійського району Харківської області', 13),
(66, 'Громадське об‘єднання «Разом у майбутнє 2015» Балаклійський район селище Савинці', 13),
(67, 'Громадський центр Куп''янської гімназії №1 ''Діти України''', 3),
(68, 'Дар-Надеждинська сільська рада Сахновщинського району Харківської області', 8),
(69, 'Дворічанська селищна рада', 8),
(70, 'Департамент з підвищення конкурентоспроможності регіону Харківської обласної державної адміністрації', 6),
(71, 'Департамент капітального будівництва Харківської обласної державної адміністрації', 6),
(73, 'Департамент містобудування та архітектури Харківської обласної державної адміністрації', 6),
(74, 'Департамент освіти і науки', 35),
(75, 'Дергачівська міська рада', 11),
(76, 'Державна дослідна станція птахівництва національної академії аграрних наук', 14),
(77, 'Державна установа «Національний інститут терапії ім. Л.Т. Малої НАМН України»', 15),
(78, 'ДЕРЖАВНЕ ПІДПРИЄМСТВО «ДЕРЖАВНИЙ ІНСТИТУТ ПО ПРОЕКТУВАННЮ ПІДПРИЄМСТВ КОКСОХІМІЧНОЇ ПРОМИСЛОВОСТІ»', 16),
(79, 'Державне підприємство «Завод імені В.О. Малишева»', 16),
(80, 'Державне підприємство «Український науковотехнічний центр металургійної промисловості «Енергосталь» (ДП «УкрНТЦ «Енергосталь»)', 16),
(81, 'Державний архів Харківської області', 17),
(82, 'Директор історикоархеологічного музеюзаповідника «Верхній Салтів»', 32),
(83, 'Ефремівська сільська рада Первомайського району', 8),
(84, 'Жовтнева сільська рада Золочівського району Харківської області', 8),
(85, 'Зачепилівська селищна рада', 8),
(86, 'Зміївська районна державна адміністрація', 5),
(87, 'Золочівська селищна рада Золочівського району Харківської області', 8),
(88, 'Іванчуківська загальноосвітня школа І-ІІІ ступенів Ізюмської районної ради Харківської області', 3),
(89, 'Ізюмська міська рада', 11),
(90, 'Ініціативна група ''Сонечко'' Великобурлуцького району', 18),
(91, 'Ініціативна група Балаклійського ДНЗ (ясласадок) №2', 18),
(92, 'Ініціативна група Балаклійського ДНЗ (ясласадок) №7', 18),
(93, 'Ініціативна група батьків вихованців Чугуївського ДНЗ №8 м.Чугуїв', 18),
(94, 'Ініціативна група батьків вихованців Чугуївської ДЮСШ м.Чугуїв', 18),
(95, 'Ініціативна група батьків дітей, що відвідують гуртки Ч угуївського РБК', 18),
(96, 'Ініціативна група батьків ДНЗ №11 м.Лозова', 18),
(97, 'Ініціативна група батьків Клугино-Башкирівської ЗОШ м.Чугуїв', 18),
(98, 'Ініціативна група батьків Коломацького НВК', 18),
(99, 'Ініціативна група батьків Красноградського ДНЗ №17', 18),
(100, 'Ініціативна група батьків Красноградського НВК №2', 18),
(101, 'Ініціативна група батьків Красноградського НВК №3 Красноградського району', 18),
(102, 'Ініціативна група батьків Лозівського ДНЗ №13 ''Росинка''', 18),
(103, 'Ініціативна група батьків Лозівського ДНЗ №6 ''Посмішка''', 18),
(104, 'Ініціативна група батьків учнів 10-11 класів Різуненківського НВК Коломацького району', 18),
(105, 'Ініціативна група батьків учнів 7-8 класів Шелестівського НВК Коломацького району', 18),
(106, 'Ініціативна група батьків учнів 8-9 класів Різуненківського НВК Коломацького району', 18),
(107, 'Ініціативна група батьків учнів Лозівського ліцею №4', 18),
(108, 'Ініціативна група батьків учнів Люботинської дитячої музичної школи', 18),
(109, 'Ініціативна група батьків учнів Панютинської ДМШ м.Лозова', 18),
(110, 'Ініціативна група батьків учнів Чугуївської СШ №8', 18),
(111, 'Ініціативна група батьків Чугуївської ЗОШ №7', 18),
(112, 'Ініціативна група батьківського комітету ДЮСШ ''Юність'' м.Лозова', 18),
(113, 'Ініціативна група Близнюківської селищної ради', 18),
(114, 'Ініціативна група Богодухівського ДНЗ №5 ''Ялинка''', 18),
(115, 'Ініціативна група Богодухівського ДНЗ №7 ''Теремок''', 18),
(116, 'Ініціативна група будинку ЖБК ''Медик'' м.Люботин', 18),
(117, 'Ініціативна група Веселівської ЗОШ Харківського району', 18),
(118, 'Ініціативна група Ветеринарного НВК ЗОШ Дергачівського району', 18),
(119, 'Ініціативна група Гаврилівського НВК', 18),
(120, 'Ініціативна група ГО м.Лозова, діяльність яких спрямована на соцзахист інвалідів, ветеранів війни та праці', 18),
(121, 'Ініціативна група громади Дворічанського району', 18),
(122, 'Ініціативна група громадян м.Куп''янська', 18),
(123, 'Ініціативна група громадян селища Ківшарівка м.Куп''янська', 18),
(124, 'Ініціативна група дошкільного закладу Березівського ДНЗ ''Берізка'' Дергачівського району', 18),
(125, 'Ініціативна група жителів села Берека Первомайського району', 18),
(126, 'Ініціативна група жителів села Грушине Первомайського району', 18),
(127, 'Ініціативна група жителів села Дмитрівка Первомайського району', 18),
(128, 'Ініціативна група жителів села Закутнівка Первомайського району', 18),
(129, 'Ініціативна група жителів селища Більшовик (Первомайського району)', 18),
(130, 'Ініціативна група жителів селища Комсомольський Первомайського району', 18),
(131, 'Ініціативна група Ізюмської ЗОШ Борівського району', 18),
(132, 'Ініціативна група КЗОЗ ''Сахновщинська ЦРЛ''', 18),
(133, 'Ініціативна група КЗОЗ ''Центр первинної медикосанітарної допомоги Вовчанського району''', 18),
(134, 'Ініціативна група Кіровської сільської ради Близнюківського району', 18),
(135, 'Ініціативна група Козіївської територіальної громади Краснокутського району', 18),
(136, 'Ініціативна група Криштопівської сільської ради Близнюківського району', 18),
(137, 'Ініціативна група людей з інвалідністю та громадян похилого віку м.Чугуєва', 18),
(138, 'Ініціативна група м.Балаклія', 18),
(140, 'Ініціативна група м.Валки', 18),
(141, 'Ініціативна група м.Красноград', 18),
(142, 'Ініціативна група м.Первомайський', 18),
(143, 'Ініціативна група м.Чугуєва', 18),
(144, 'Ініціативна група Мажарського ЗНВК Кегичівського району', 18),
(145, 'Ініціативна група мешканців мікрорайону Куп''янського ДНЗ №4', 18),
(146, 'Ініціативна група мешканців мікрорайону Куп''янської ЗОШ №6 м.Куп‘янськ', 18),
(147, 'Ініціативна група міста Вовчанська', 18),
(148, 'Ініціативна група міста Зміїв', 18),
(149, 'Ініціативна група міста Лозова', 18),
(150, 'Ініціативна група Новонадеждінської сільської ради Близнюківського району', 18),
(151, 'Ініціативна група Новоолександрівської ЗОШ І-ІІІ ступенів Вовчанського району', 18),
(152, 'Ініціативна група с. Дворічний Кут', 18),
(153, 'Ініціативна група с. Мануїлівка', 18),
(154, 'Ініціативна група с. Польова', 18),
(155, 'Ініціативна група села Алісівка Близнюківського району', 18),
(156, 'Ініціативна група села Аполлонівка Сахновщинського району', 18),
(157, 'Ініціативна група села Бірки Зміївського району', 18),
(158, 'Ініціативна група села Борщівка Балаклійського району', 18),
(159, 'Ініціативна група села Бригадирівка Балаклійського району', 18),
(160, 'Ініціативна група села Вишнева Балаклійського району', 18),
(161, 'Ініціативна група села Гатище Вовчанського району', 18),
(162, 'Ініціативна група села Гонтарівка Вовчанського району', 18),
(163, 'Ініціативна група села Гусарівка (село Василівка Друга) Барвінківського району', 18),
(164, 'Ініціативна група села Гусарівка (село Нікополь) Барвінківського району', 18),
(165, 'Ініціативна група села Гусарівка Барвінківського району', 18),
(166, 'Ініціативна група села Дворічний Кут Дергачівського району', 18),
(167, 'Ініціативна група села Довгалівка Балаклійського району', 18),
(168, 'Ініціативна група села Жовтневе Вовчанського району', 18),
(169, 'Ініціативна група села Зінькінщина Зачепилівського району', 18),
(170, 'Ініціативна група села Іванчуківки Ізюмського району', 18),
(171, 'Ініціативна група села Кам''яна Яруга Чугуївського району', 18),
(172, 'Ініціативна група села Курилівка-1 Куп''янського району', 18),
(173, 'Ініціативна група села Леб''яже Зачепилівського району', 18),
(174, 'Ініціативна група села Ленінка Красноградського району', 18),
(175, 'Ініціативна група села Лизогубівка Харківського району', 18),
(176, 'Ініціативна група села Малинівка Чугуївського району', 18),
(177, 'Ініціативна група села Наталине Красноградського району', 18),
(178, 'Ініціативна група села Новомиколаївка Шевченківського району', 18),
(179, 'Ініціативна група села Новоосинове Куп''янського району', 18),
(180, 'Ініціативна група села Перемога Харківського району', 18),
(181, 'Ініціативна група села Протопопівка Балаклійського району', 18),
(182, 'Ініціативна група села Руновщина Зачепилівського району', 18),
(183, 'Ініціативна група села Самійлівка Близнюківського району', 18),
(184, 'Ініціативна група села Сінне Богодухівського району', 18),
(185, 'Ініціативна група села Сомівка Зачепилівського району', 18),
(186, 'Ініціативна група села Чемужівка Зміївського району', 18),
(187, 'Ініціативна група села Чернещина Зачепилівського району', 18),
(188, 'Ініціативна група села Шелудьківка Зміївського району', 18),
(189, 'Ініціативна група селища Андріївка', 18),
(190, 'Ініціативна група селища Бабаї Харківського району', 18),
(191, 'Ініціативна група селища Веселе Балаклійського району', 18),
(192, 'Ініціативна група селища Вільча Вовчанського району', 18),
(193, 'Ініціативна група селища Донець Зміївського району', 18),
(194, 'Ініціативна група селища Жовтневе', 18),
(196, 'Ініціативна група селища Зачепилівка', 18),
(198, 'Ініціативна група селища Зідьки Зміївського району', 18),
(199, 'Ініціативна група селища Комсомольське Зміївського району', 18),
(200, 'Ініціативна група селища Першотравневе Зміївського району', 18),
(201, 'Ініціативна група селища Прудянка Дергачівського району', 18),
(202, 'Ініціативна група селища П''ятигірське Балаклійського району', 18),
(203, 'Ініціативна група сіл Новоукраїнка, Остерське, Берестове, Тимофіївка Близнюківського району', 18),
(204, 'Ініціативна група смт Ківшарівка м.Куп‘янськ', 18),
(206, 'Ініціативна група смт Мала Данилівка Дергачівського району', 18),
(207, 'Ініціативна група смт Новопокровка Чугуївського району', 18),
(208, 'Ініціативна група соціального захисту населення села Катеринівка Лозівського району', 18),
(209, 'Ініціативна група Топільської ЗОШ І-ІІІ ступенів Дворічанського району', 18),
(210, 'Ініціативна група Хотямлянської ЗШ І-ІІІ ступенів Вовчанського району', 18),
(211, 'Ініціативна гупа ''Башилівська ЗОШ'' Близнюківського району', 18),
(212, 'Інститут проблем машинобудування ім. А.М. Підгорного НАН України', 29),
(213, 'Капитолівський навчальновиховний комплекс Ізюмської районної ради Харківської області', 5),
(214, 'Катеринівська сільська рада', 8),
(215, 'Кафедра економіки підприємств, бізнесадміністрування та регіонального розвитку Харківського національного університету міського господарства ім. О. М. Бекетова Центр регіонального розвитку', 30),
(217, 'Кафедра економіки та менеджменту економічного факультету Харківського національного університету ім. В.Н. Каразіна', 30),
(219, 'Кафедра соціальноекономічної географії і регіонознавства Харківського національного університету імені В. Н. Каразіна', 30),
(220, 'Кегичівська селищна рада', 8),
(221, 'КЗ «Куп‘янська міська лікарня» смт Ківшарівка м. Куп‘янськ Харківська обл.', 1),
(222, 'КЗ Центр первинної медико-санітарної допомоги Зачепилівського району', 1),
(223, 'КЗОЗ «Зміївський районний центр первинної медико-санітарної допомоги» Зміївської районної ради Харківської області', 1),
(224, 'КЗОЗ «Краснокутська ЦРЛ»', 1),
(225, 'КЗОЗ «Центр первинної медико-санітарної допомоги Дергачівського району»', 1),
(226, 'КЗОЗ «Центр первинної медико-санітарної допомоги Краснокутського району»', 1),
(227, 'КЗОЗ РТМО «Дергачівська центральна районна лікарня»', 1),
(228, 'Кіндрашівська сільська рада Куп''янського району', 8),
(229, 'Козіївська сільська рада', 8),
(230, 'Коломацька районна організація ветеранів України', 36),
(231, 'Комунальна установа «Чугуївський районний Будинок культури»', 1),
(232, 'Комунальна установа Богодухівський дитячий будинок-інтернат', 1),
(233, 'Комунальна установа Липецький психоневрологічний інтернат', 1),
(234, 'Комунальна установа Малиженський психоневрологічний інтернат', 1),
(235, 'Комунальна установа Панютинський психоневрологічний інтернат', 1),
(236, 'Комунальне підприємство «Балаклійський водоканал»', 2),
(237, 'Комунальне підприємство «Богодухіввода»', 2),
(238, 'Комунальне підприємство «Вода» Валківської районної ради', 2),
(239, 'Комунальне підприємство «Муніципальна компанія поводження з відходами» Харківської міської ради', 2),
(240, 'Комунальне підприємство «Тепловодосервіс» Лозівської районної ради', 2),
(241, 'Комунальне підприємство «Теплоенерго» Лозівської міської ради Харківської області', 2),
(242, 'Комунальне підприємство «Харківські теплові мережі»', 2),
(243, 'Комунальне підприємство Балаклійської районної ради «Балаклійські теплові мережі»', 2),
(244, 'Комунальне підприємство теплових мереж Харківського району Харківської районної державної адміністрації', 2),
(245, 'Комунальне спеціалізоване підприємство «Харківгорліфт»', 2),
(246, 'Комунальний заклад «Чугуївська районна централізована бібліотечна система»', 1),
(247, 'Комунальний заклад охорони здоров‘я Балаклійської районної ради «Балаклійський районний центр первинної медико-санітарної допомоги»', 1),
(248, 'Комунальний заклад охорони здоров''я «Дворічанська центральна районна лікарня»', 1),
(249, 'Комунальний заклад охорони здоров''я Балаклійської районної ради «Балаклійська центральна клінічна районна лікарня»', 1),
(250, 'Коробочкинська сільська рада Чугуївського району Харківської області', 8),
(251, 'КП «Лозоваводоканал» Лозівської міської ради Харківської області', 2),
(252, 'КП «Харківводоканал»', 2),
(253, 'КП ХОР «Профдезінфекція»', 2),
(254, 'Красноградська міська рада', 11),
(255, 'Красноградське комунальне підприємство «Водоканал»', 2),
(256, 'Красноградське підприємство теплових мереж', 2),
(257, 'Крюков Олександр Васильович', 28),
(258, 'Куньєвська загальноосвітня школа І-ІІІ ступенів Ізюмської районної ради Харківської області', 3),
(259, 'Куп‘янський краєзнавчий музей Управління культури, молоді та спорту Куп‘янської міської ради Харківської області', 32),
(260, 'Лигівська сільська рада Сахновщинського району Харківської області', 8),
(261, 'Лозівська міська лікарня', 31),
(262, 'Малинівська селищна рада Чугуївського району Харківської області', 8),
(263, 'Малоданилівська селищна рада Дергачівського району Харківської області', 8),
(264, 'Малокомишуваська загальноосвітня школа І-ІІІ ступенів Ізюмської районної ради Харківської області', 3),
(265, 'Мелихівська сільська рада Нововодолазького району Харківської області', 8),
(266, 'Мереф''янська міська рада', 11),
(267, 'Науково-дослідна установа «Український науководослідний інститут екологічних проблем» (НДУ«УКРНДІЕП»)', 21),
(268, 'Національний аерокосмічний університет ім. М.Є. Жуковського «ХАІ»', 29),
(269, 'Національний науковий центр «Інститут грунтознавства та агрохімії імені О.Н. Соколовського»', 29),
(273, 'Національний технічний університет «Харківський політехнічний інститут» (НТУ «ХПІ»)', 30),
(274, 'Національний технічний університет «Харківський політехнічний інститут», кафедра менеджменту зовнішньоекономічної діяльності та фінансів', 30),
(275, 'Нововодолазька селищна рада Нововодолазького району Харківської області', 8),
(276, 'Новомажарівська сільська рада', 8),
(277, 'Новоолександрівська сільська рада Сахновщинського району Харківської області', 8),
(278, 'Новопокровська селищна рада Чугуївського район уХарківської області', 8),
(281, 'Новопокровський навчально-виховний комплекс Чугуївської районної ради Харківської області', 10),
(282, 'Обласний комунальний заклад «Національний літературно-меморіальний музей Г.С.Сковороди»', 32),
(283, 'Обласний комунальний заклад «Харківська обласна бібліотека для юнацтва»', 1),
(284, 'Обласний комунальний заклад «Харківський художній музей»', 1),
(285, 'Обласний Центр сприяння розвитку вітчизняної науки, освіти та виробницива ?ОВНА?', 22),
(286, 'Одноробівська I сільська рада Золочівського району Харківської області', 8),
(287, 'Олександрівська загальноосвітня школа І-ІІІ ступенів Ізюмської районної ради Харківської області', 3),
(288, 'Орільська селищна рада, Лозівський район, Харківська область', 8),
(289, 'ОСББ ''Гусарівська Веселка''', 33),
(290, 'ОСББ ''Золочівське сузір''я будинок 13'' Золочівського району', 33),
(291, 'ОСББ ''Крокус-9'' м.Ізюм', 33),
(292, 'ОСББ ''Мерефа - Центральна'' Харківського району', 33),
(293, 'ОСББ ''МОНОЛІТ'' (Харківський район)', 33),
(294, 'ОСББ ''Надія-20,18'' м.Люботин', 33),
(295, 'ОСББ ''Прем''єр 2013'' (Красноградський район)', 33),
(296, 'ОСББ ''ФОРТУНА'' м.Богодухів', 33),
(297, 'ОСББ «Затишок+М» смт. Великий Бурлук Харківської області', 33),
(298, 'ОСББ «Мрія-2014+»', 33),
(299, 'ПАТ «Харківський тракторний завод ім. С. Орджонікідзе»', 34),
(300, 'Первомайська міська рада', 11),
(301, 'Первомайська районна державна адміністрація', 5),
(302, 'Первомайське комунальне виробниче управління водопровідноканалізаційного господарства', 1),
(303, 'Пересадько Віліна Анатоліївна Попович Наталія Валеріївна Кірюхін Олексій Михайлович', 28),
(304, 'Пересічанська селищна рада', 8),
(305, 'Печенізька селищна рада', 8),
(306, 'Писарівська сільська рада Золочівського району Харківської області', 8),
(307, 'Правдинська сільська рада Первомайского району Харківської області', 8),
(308, 'Приватне наукововиробниче підприємство (ПНВП) «Мікрон» ? спинальне підприємство відносно Інституту проблем машинобудування ім. А.М. Підгорного (ІПМаш) НАН України', 21),
(309, 'Приватне підприємство «Потенціал»', 37),
(310, 'Приколотнянська селищна рада Великобурлуцького району Харківської області', 8),
(311, 'Проходівська сільська рада Дергачівський район Харківська область', 8),
(312, 'Рада закладу Куп''янської ЗОШ №4', 3),
(313, 'Рада сільгосптоваровиробників Чугуївського району', 23),
(314, 'Районне об''єднання інвалідів ''Союз Чорнобиль України'' (Сахновщинський район)', 36),
(315, 'Роганський учбововиробничий Екоцентр', 15),
(316, 'Рубленська сільська рада Великобурлуцького району Харківської області', 8),
(317, 'с. Капитолівка Ізюмського району Харківської області', 24),
(318, 'с. Студенок Ізюмського району Харківської області', 24),
(319, 'Савинська селищна рада Сектор культури Балаклійської районної державної адміністрації', 8),
(320, 'Сахновщинська селищна рада', 8),
(321, 'Сектор з питань фізичної культури та спорту Балаклійської районної державної адміністрації', 5),
(322, 'Сектор містобудування і архітектури Чугуївської районної державної адміністрації', 5),
(323, 'Солоницівська селищна рада', 8),
(324, 'Спілка об‘єднань громадян «Громадянська рада Харківщини»', 25),
(325, 'Спольник Олена Борисівна Гилун Віктор В''ячеславович', 28),
(326, 'Старовірівська сільська рада Нововодолазького району Харківської області', 8),
(327, 'Старогнилицька сільська рада Чугуївського району Харківської області', 8),
(328, 'Студенокський навчальновиховний комплекс Ізюмської районної ради Харківської області', 12),
(329, 'Таранівська сільська рада Зміївського району Харківської області', 8),
(330, 'Територіальний центр соціального обслуговування (надання соціальних послуг) Чугуївської районної державної адміністрації', 5),
(331, 'ТОВ «Золоті сторінки»', 19),
(332, 'ТОВ «КОМПАНІЯ ТЕПЛОАГЕНТИ БЛАГУТИ» та ПРИВАТНА ВИРОБНИЧОКОМЕРЦІЙНА ФІРМА «ЛАНА»', 19),
(333, 'ТОВ «НОВІ БУДТЕХНОЛОГІЇ», скорочено «НБТ»', 19),
(334, 'ТОВ «Український центр фітотехнологій»', 19),
(335, 'ТОВ НВФ «ФЕРТА» Національний технічний університет «Харківський політехнічний університет»', 19),
(336, 'Товариство з додатковою відповідальністю «Житлобуд-2»', 20),
(337, 'Товариство з обмеженою відповідальністю «ЕнТехЕко», корпорація «МАСТ-ІПРА»', 19),
(338, 'Товариство з обмеженою відповідальністю «Компанія ФСК»', 19),
(339, 'Товариство з обмеженою відповідальністю «НВП Новий Світ»', 19),
(340, 'Універсальна товарна біржа «Бігранд»', 26),
(341, 'Управління економічного розвитку КД «Ресурсний центр розвитку громад Чугуївського району»', 11),
(342, 'Управління житловокомунального господарства Ізюмської міської ради', 11),
(343, 'Управління житловокомунального господарства та будівництва Лозівської міської ради Харківської області', 11),
(344, 'Управління житловокомунального господарства, архітектури та містобудування Куп‘янської міської ради', 11),
(345, 'Управління з будівництва, ремонту та реконструкції Департаменту будівництва та шляхового господарства Харківської міськради', 11),
(346, 'Управління у справах молоді та спорту Лозівської міської ради Харківської області', 11),
(347, 'ФГ «Київська Русь»', 27),
(348, 'Феськівська сільська рада Золочівського району Харківської області', 8),
(349, 'Фізична особа', 28),
(350, 'ФОП Камєнєв Олег Іванович', 28),
(351, 'Харківська міська громадська організація «Енергія миру»', 13),
(352, 'Харківська міська рада Департамент будівництва та шляхового господарства КОМУНАЛЬНЕ ПІДПРИЄМСТВО «ХАРКІВСЬКА ДИРЕКЦІЯ БУДІВНИЦТВА МЕТРОПОЛІТЕНУ»', 11),
(353, 'Харківська обласна рада', 23),
(354, 'Харківська обласна рада Комунальне підприємство «Індустріальний парк «Рогань»', 23),
(355, 'Харківська обласна рада Комунальне підприємство Харківської обласної ради «Обласний логістичний центр»', 23),
(356, 'Харківська обласна рада Комунальний заклад охорони здоров‘я «Харківський обласний клінічний онкологічний центр» Національний науковий центр «Харківський фізико-технічний інститут» НАН України', 23),
(357, 'Харківська обласна рада Обласне комунальне виробничо-експлуатаційне підприємство «Держпром»', 23),
(358, 'Харківська обласна рада Обласне комунальне підприємство Харківської обласної ради «Знахідка» ПАТ «ФЕД»', 23),
(359, 'Харківська районна державна адміністрація', 5),
(360, 'Харківський національний університет імені В.Н. Каразіна Екологічний факультет', 30),
(366, 'Харківський національний університет міського господарства імені О.М. Бекетова', 30),
(376, 'Харківський обласний благодійний фонд ?Діти Сонця?.', 9),
(377, 'Харківський регіональний інститут державного управління Національна академія державного управління при Президентові України', 29),
(379, 'ХОО ВГО «Сила і Честь» Каршев О.І.- член ГР при ХОДА-антикорупційний комітет Пилипко А.Г.-член ГР при ХОДА-комітет по взаємодії з райдержадміністраціями та депутатським корпусом', 5),
(383, 'Червонооскільський навчально-виховний комплекс Ізюмської районної ради Харківської області', 10),
(384, 'Чистоводівський навчально-виховний комплекс Ізюмської районної ради Харківської області', 10),
(385, 'Чкаловська селищна рада Чугуївського району Харківської області', 8),
(386, 'Чугуївський район Харківської області', 10),
(387, 'Чугуївський районний центр соціальних служб для сімї дітей та молоді', 10),
(388, 'Чугуївський сільський сервісний центр', 24);

-- --------------------------------------------------------

--
-- Структура таблицы `customer_type`
--

CREATE TABLE IF NOT EXISTS `customer_type` (
  `id` int(11) NOT NULL AUTO_INCREMENT,
  `name` varchar(255) COLLATE cp1251_ukrainian_ci NOT NULL,
  PRIMARY KEY (`id`),
  KEY `name` (`name`),
  KEY `name_2` (`name`),
  KEY `name_3` (`name`)
) ENGINE=InnoDB  DEFAULT CHARSET=cp1251 COLLATE=cp1251_ukrainian_ci AUTO_INCREMENT=38 ;

--
-- Дамп данных таблицы `customer_type`
--

INSERT INTO `customer_type` (`id`, `name`) VALUES
(7, 'Батьківський комітет'),
(9, 'Благодійна організація'),
(13, 'ГО'),
(35, 'Департамент'),
(15, 'Державна установа'),
(16, 'Державне підприємство'),
(17, 'Державний архів'),
(14, 'Дослідна станція'),
(18, 'Ініціативна група'),
(29, 'Інститут'),
(2, 'Комунальне підприємство'),
(1, 'Комунальний заклад'),
(4, 'Кооператив'),
(31, 'Лікарня'),
(11, 'Міська рада'),
(32, 'Музей'),
(12, 'Навчальний комплекс'),
(21, 'Науковий центр'),
(6, 'Обласна державна адміністрація'),
(22, 'Обласний центр'),
(33, 'ОСББ'),
(34, 'ПАТ'),
(37, 'Приватне відприємство'),
(23, 'Рада'),
(5, 'Районна державна адміністрація'),
(36, 'Районна організація'),
(10, 'Районна рада'),
(24, 'Село'),
(8, 'Сільська рада'),
(25, 'Спілка'),
(20, 'Товариство з додатковою відповідальностю'),
(19, 'Товариство з обмежаною відповідальностю'),
(26, 'Товарна біржа'),
(30, 'Університет'),
(27, 'ФГ'),
(28, 'Фізична особа'),
(3, 'Школа');

-- --------------------------------------------------------

--
-- Структура таблицы `financing`
--

CREATE TABLE IF NOT EXISTS `financing` (
  `id` int(11) NOT NULL AUTO_INCREMENT,
  `name` varchar(255) NOT NULL,
  PRIMARY KEY (`id`),
  UNIQUE KEY `id` (`id`)
) ENGINE=InnoDB  DEFAULT CHARSET=utf8 AUTO_INCREMENT=5 ;

--
-- Дамп данных таблицы `financing`
--

INSERT INTO `financing` (`id`, `name`) VALUES
(1, 'Фонд регіону'),
(2, 'Місцевий бюджет'),
(3, 'Самофінансування'),
(4, 'Іноземні гранти');

-- --------------------------------------------------------

--
-- Структура таблицы `project`
--

CREATE TABLE IF NOT EXISTS `project` (
  `id` int(11) NOT NULL AUTO_INCREMENT,
  `global_program` int(11) DEFAULT NULL,
  `name` varchar(255) CHARACTER SET cp1251 COLLATE cp1251_ukrainian_ci NOT NULL,
  `customer` int(11) NOT NULL,
  `time_start` date NOT NULL,
  `time_finish` date NOT NULL,
  `program` int(11) NOT NULL,
  `financing_id` int(11) NOT NULL,
  `cost` int(11) NOT NULL,
  PRIMARY KEY (`id`)
) ENGINE=MyISAM  DEFAULT CHARSET=utf8 AUTO_INCREMENT=620 ;

--
-- Дамп данных таблицы `project`
--

INSERT INTO `project` (`id`, `global_program`, `name`, `customer`, `time_start`, `time_finish`, `program`, `financing_id`, `cost`) VALUES
(1, 1, '«Школа практики для студентів» в Харківській області', 11, '2015-09-01', '2017-12-01', 33, 3, 1027500),
(2, 1, 'Будівництво водопровідної мережі від водогону по вул. Пушкіна до водозабору по вул. Катукова в м. Богодухові Харківської області', 237, '2015-01-01', '2016-01-01', 37, 2, 456250),
(3, 1, 'Будівництво водопроводу в с. Семенів Яр Богодухівського району Харківської області', 237, '2015-01-01', '2016-01-01', 37, 2, 456250),
(4, 1, 'Реконструкція водопроводу по вул. Заводській, Загорулько, Робочій, Горького в м. Богодухові Харківської області', 237, '2015-01-01', '2016-01-01', 37, 2, 456250),
(5, 1, 'Реконструкція водопроводу по пров. Садовий в м. Богодухові Харківської області', 237, '2015-01-01', '2016-01-01', 37, 2, 456250),
(6, 1, 'Розробка проекту «Будівництва малих вітряних установок» (до 100 кВт) для створення альтернативного автономного джерела живлення насосної станції в м. Богодухові, Харківської області', 237, '2015-01-01', '2017-01-01', 45, 3, 913750),
(7, 1, 'Будівництво сучасного полігону по розміщенню твердих побутових відходів та заводу по їх переробці в Лозівському районі Харківської області', 240, '2015-01-01', '2017-01-01', 49, 1, 913750),
(8, 1, 'Застосування «Термоактивних Акумулюючих Будівельних Систем (ТААБС)» у Харківській області', 333, '2015-01-01', '2016-01-01', 55, 3, 456250),
(9, 1, 'Створення в Харківській області нового промислового підприємства з виробництва діючих масштабних моделей залізничного транспорту та супутніх товарів', 349, '0000-00-00', '0000-00-00', 38, 2, 0),
(10, 1, 'Пам‘ятникоохоронні роботи по будівлі-пам‘ятки архітектури по вул. Римарська, 21 у м. Харкові (КП «Харківська обласна філармонія»)', 71, '2006-06-01', '2016-12-01', 57, 3, 4795000),
(11, 1, '«ГеоАгроМонiтор»-iнформацiйнокартографiчне забезпечення для прийняття управлiнських рiшень в аграрному секторі Харківської області', 219, '2015-05-01', '2016-10-01', 52, 3, 648750),
(12, 1, 'Розробка проекту авторського програмного забезпечення ГIС для оцiнки й прогнозу екстремальноi водної ерозiї на прикладi окремих адмiнiстративних районiв Xapківської області', 219, '2015-05-01', '2016-12-01', 52, 4, 725000),
(13, 1, 'Створення сучасного дослідницького центру з аналізу якості кормів для сільськогосподарської птиці та тварин у Харківській області, Україні та зарубіжжі', 76, '2015-01-01', '2017-01-01', 50, 1, 913750),
(14, 1, 'Підприємство по сортуванню і переробці різних твердих відходів у м. Лозова Харківської області', 349, '2015-01-01', '2017-01-01', 49, 2, 913750),
(15, 1, 'Екологічний парк у Лозівському і Близнюковському районах Харківської області', 349, '2015-01-01', '0000-00-00', 64, 1, 0),
(16, 1, 'Завод по збору, переробці пластикової тари, пакетів та виготовлення в Лозівському, Первомайському, Близнюковському, Сахновщинському, Барвенківському, Кегичівському районах Харківської області', 349, '2015-01-01', '2017-01-01', 49, 1, 913750),
(17, 1, 'Будівництво заводу по виробництву біогазу в м. Лозова Харківської області', 349, '2015-01-01', '2017-01-01', 38, 2, 913750),
(18, 1, 'Створення біржі трансферу технологій для наукових парків і центрів комерціалізації інновацій у Харківській області та Україні', 257, '2015-04-01', '2017-11-01', 53, 2, 1181250),
(19, 1, '«Теплоагенти Благути»-енергетична незалежність, екологічна безпека, здоров‘я і добробут нації» у Харківській області та Україні або «Теплоагенти Благути»-незалежне та якісне життя', 332, '2015-06-01', '2017-12-01', 55, 1, 1142500),
(20, 1, 'Визначення показників надійності елементів енергетичного обладнання з урахуванням механізмів деградації матеріалів у Харківській області', 212, '2015-01-01', '2017-12-01', 54, 3, 1331250),
(21, 1, 'Розробка та впровадження кавітаційно-плазмової технології виробництва та ефективного спалювання композиційних палив на основі відходів у Харківській області (в перспективі в Україні)', 212, '2015-06-01', '2017-12-01', 55, 4, 1142500),
(22, 1, 'Модернізація систем теплопостачання в комунальному господарстві з використанням теплонасосних технологій на Слобожанщині, території Донбасу, що зруйнована війною і яку треба відроджувати, у містах і селах України', 212, '2015-05-01', '2017-12-01', 39, 2, 1181250),
(23, 1, 'Енергія води у Печенізькому районі Харківської області', 212, '2015-07-01', '2017-12-01', 46, 3, 1105000),
(24, 1, 'Планування оптимальних обсягів ремонтів мереж теплопостачання, водопостачання й водовідведення у Харківській області на основі аналізу їх надійності', 212, '2015-05-01', '2016-12-01', 39, 2, 725000),
(25, 1, 'Енергозбереження на підприємствах житлово-комунального господарства Харківської області із застосуванням турбін малої потужності на органічних теплоносіях', 212, '2015-05-01', '2017-12-01', 55, 2, 1181250),
(26, 1, 'Підвищення надійності роботи енергоблоків електростанцій Харківської області для забезпечення маневрених потужностей', 212, '2015-07-01', '2017-12-01', 54, 2, 1105000),
(27, 1, 'Формування інвестиційного іміджу Харківської області', 274, '2015-06-01', '2017-12-01', 55, 1, 1142500),
(28, 1, 'Впровадження Автоматизованої системи управління підприємствами житлово-комунального господарства (АСУП ЖКХ) у Харківській області', 337, '2015-01-01', '2017-01-01', 55, 2, 913750),
(29, 1, 'Створення виробництва вітчизняногомалолітражного автомобільного дизеля потужністю 100-175 к.с. подвійного призначення (Слобожанський дизель) у Харківській, Сумській та Львівській областях', 79, '2015-04-01', '2018-10-01', 38, 1, 1598750),
(30, 1, 'Кооперація сільгосптоваровиробників Чугуївського району', 388, '2015-05-01', '2017-12-01', 84, 3, 1181250),
(31, 1, 'Будівництво полігону твердих побутових відходів смт. Приколотне Великобурлуцького району Харківської області', 310, '2015-07-01', '2017-05-01', 49, 1, 837500),
(32, 1, '«Білий лебідь-перлина Харківщини»', 63, '2015-08-01', '2018-01-01', 24, 3, 1105000),
(33, 1, 'Тепла атмосфера-будівля альтернативних джерел енергії', 63, '2015-09-01', '2017-10-01', 47, 2, 951250),
(34, 1, 'Відродження пам‘ятки архітектури ХIХ століття-комори з пристосуванням під виставкові та конференційну зали на території національного літературномеморіального музею Г.С. Сковороди, с. Сковородинівка Золочівського району Харківської області', 282, '2015-01-01', '2017-01-01', 58, 1, 913750),
(35, 1, 'Організація регіонального ландшафтного парку «Шарукань»', 59, '2016-05-01', '2017-12-01', 51, 2, 723750),
(36, 1, 'Геоінформаційна система регіональної інформації ГІС «РІМ» (Регіон-Інвестиції-Майбутнє)', 331, '2015-07-01', '2017-06-01', 52, 3, 876250),
(37, 1, 'Виробництво біопалива в с. Катеринівка Великобурлуцького району Харківської області', 214, '2016-01-01', '2017-01-01', 38, 3, 457500),
(38, 1, 'Пілотний проект організації інфраструктури для рекреаційного екотуризма в Харківській області', 315, '2015-01-01', '2017-01-01', 52, 2, 913750),
(39, 1, 'Формування Національної екологічної мережі у Харківській області', 285, '2015-01-01', '2016-01-01', 55, 1, 456250),
(40, 1, 'Цільова програма «ЕнергоФестиваль» під девізом «Енергонезалежності України-наші енергоефективні дії»', 351, '2015-06-01', '2017-11-01', 60, 2, 1105000),
(41, 1, 'Проведення герметизації та утеплення будинку поліклініки', 248, '2015-01-01', '2016-01-01', 39, 2, 456250),
(42, 1, 'Встановлення лічильників тепла', 248, '2015-01-01', '2016-01-01', 61, 2, 456250),
(43, 1, 'Науковий комплекс Верхньосалтівський історикоархеологічний музей', 82, '2015-01-01', '2017-01-01', 55, 3, 913750),
(44, 1, '«Дума про народ»', 57, '2015-01-01', '2017-01-01', 58, 3, 913750),
(45, 1, '«Дім, в якому живе свято»', 57, '2015-01-01', '2017-01-01', 58, 3, 913750),
(46, 1, '«Дергачівський район запрошує»', 325, '2015-01-01', '2016-11-01', 62, 3, 837500),
(47, 1, 'Реконструкція звалища для захоронення твердих побутових відходів для перетворення його в полігон ТПВ за межами населеного пункту в с. Старовірівка Нововодолазького району Харківської області', 326, '2015-06-01', '2017-12-01', 49, 1, 1142500),
(48, 1, 'Організація системи збору та сортування твердих побутових відходів ( ТПВ) на території Ватутінської територіальної громади', 17, '2015-06-01', '2017-12-01', 49, 2, 1142500),
(49, 1, 'Будівництво системи водопостачання північної частини с. Ватутіне із впровадженням новітніх технологій по видобуванню, очищенню питної води на території Ватутінської сільської ради Нововодолазького району Харківської області', 17, '2015-06-01', '2017-12-01', 37, 2, 1142500),
(50, 1, 'Покращення заплавних земель річки Берестова Мелихівської сільської ради Нововодолазького району Харківської області', 265, '2015-06-01', '2017-12-01', 51, 3, 1142500),
(51, 1, 'Газифікація с. Новодмитрівка Сахновщинського району Харківської області (І черга – газопроводи високого тиску, ШРП) ( коригування)', 277, '2015-01-01', '2016-01-01', 39, 2, 456250),
(52, 1, 'Розробка та впровадження приладів для вимірювання витрат вугільного пилу в пилепроводах та систем управління подачею пилу в пилопроводи для Зміївської ТЕС', 335, '2015-01-01', '2016-12-01', 61, 4, 875000),
(53, 1, 'Розробка та впровадження приладів для вимірювання витрат вугільного пилу в пилепроводах та систем управління подачею пилу в пилопроводи для Зміївської ТЕС', 335, '2015-01-01', '2016-12-01', 61, 4, 875000),
(54, 1, 'Розробка та впровадження приладів для вимірювання витрат вугільного пилу в пилепроводах та систем управління подачею пилу в пилопроводи для Зміївської ТЕС', 335, '2015-01-01', '2016-12-01', 61, 4, 875000),
(55, 1, 'Мульти-фестиваль «Студентське Місто»', 64, '2015-05-01', '2017-08-01', 58, 3, 1028750),
(56, 1, '«Харківський студентський табір»', 64, '2017-01-01', '2017-12-01', 34, 3, 417500),
(57, 1, '«Харківщина туристична»', 64, '0000-00-00', '0000-00-00', 62, 3, 0),
(58, 1, 'Впровадження ділатансіонної технології збільшення дебіту нафтогазодобувних свердловин у Харківській області', 64, '2015-06-01', '2016-06-01', 55, 2, 457500),
(59, 1, 'Створення комплексу з утилізації біомулових відходів очисних споруд та створення на їх основі джерел енергії у Харківській області', 64, '2015-09-01', '2016-12-01', 19, 1, 571250),
(60, 1, 'Створення малої ГЕС на Печенізькому водосховищі', 38, '2015-07-01', '2017-12-01', 40, 1, 1105000),
(61, 1, 'Встановлення замість газових та вугільних котлів, котлів, які працюють на гранульованих відходах лісо-оброблюючої та сільськогосподарської діяльності у Харківській області', 349, '2015-09-01', '2017-04-01', 44, 2, 722500),
(62, 1, 'Програма практичної підготовка молодих фахівців в реальних ринкових умовах #SPMChallenge', 217, '2015-09-01', '2017-05-01', 33, 2, 760000),
(63, 1, 'Створення біржі трансферу технологій для наукових парків і центрів комерціалізації інновацій', 340, '2015-05-01', '2017-12-01', 53, 2, 1181250),
(64, 1, 'Зменшення енергоспоживання по Великобурлуцькій загальноосвітній школі I-III ступенів Великобурлуцької районної ради Харківської області, шляхом заміни вікон та дверей на енергозберігаючі', 24, '2016-01-01', '2017-01-01', 55, 3, 457500),
(65, 1, 'Забезпечення рівного доступу громадян до якісної освіти у Харківській області', 74, '2015-01-01', '2017-01-01', 35, 1, 913750),
(66, 1, 'Створення Міжнародного центру трансферу технологій «Інтегро»', 358, '2015-10-01', '2017-01-01', 53, 3, 572500),
(67, 1, 'Розробка систем економії електричної енергії за рахунок використання солярних світловодих освітлювальних установок у Харківській області', 366, '2015-09-01', '2017-12-01', 55, 4, 1027500),
(68, 1, 'Розробка систем зменшення витрат на підігрів приміщень у Харківській області за рахунок використання сонячних конвекторів як додаткового опалення', 366, '2015-09-01', '2017-12-01', 55, 4, 1027500),
(69, 1, 'Розробка систем зменшуючих витрати на теплову енергію за рахунок використання низькотемпературного інфрачервоного обігріву приміщень у Харківській області', 366, '2015-09-01', '2017-12-01', 55, 2, 1027500),
(70, 1, 'Розробка систем енергоефективного темперировання приміщень у Харківській області', 366, '2015-09-01', '2017-12-01', 55, 4, 1027500),
(71, 1, 'Ремонт підлоги вхідного коридору музею', 259, '2015-08-01', '2016-08-01', 122, 2, 457500),
(72, 1, 'Технічне переоснащення котельні по вул. Кірова, 2, смт Куп‘янськВузловий', 344, '2015-01-01', '2016-01-01', 39, 2, 456250),
(73, 1, 'Технічне переоснащення теплових мереж смт. Ківшарівка', 344, '2015-01-01', '2016-01-01', 39, 2, 456250),
(74, 1, 'Технічне переоснащення котельні по вул. Лікарняна, 2 м. Куп''янськ', 344, '2015-01-01', '2016-01-01', 39, 2, 456250),
(75, 1, 'Технічне переоснащення теплових мереж по вул. Постишева смт Куп‘янск-Вузловий м. Куп‘янськ', 344, '2016-01-01', '2017-01-01', 39, 2, 457500),
(76, 1, 'Науково-технологічні підходи до переробки застосування посліду у сільському господарстві', 269, '2015-01-01', '2017-01-01', 55, 2, 913750),
(77, 1, 'Українські гостинні садиби Харківщини – мережа туристичнонавчальних центрів сільського туризму', 58, '2015-05-01', '2017-12-01', 63, 1, 1181250),
(78, 1, '«Грибна поляна» (виробництво консервованих грибів в Ізюмському районі)', 350, '2015-05-01', '2016-12-01', 38, 3, 725000),
(79, 1, 'Визначення неоднорідності властивостей грунту поля сівозміни для впровадження точного землеробства у Харківській області', 269, '2015-06-01', '2017-12-01', 55, 3, 1142500),
(80, 1, 'Удосконалення підходів до визначення бонітетів та грошової оцінки орних земель Харківської області', 269, '2015-06-01', '2017-12-01', 55, 3, 1142500),
(81, 1, 'Розробити ґрунтово-екологічне районування Харківської області та оцінити ресурсний потенціал родючості ґрунтів', 269, '2015-05-01', '2017-12-01', 55, 1, 1181250),
(82, 1, 'Автоматичне управління процесами тепло-, водо-, електропостачання та освітлення об‘єктів соціальнокультурного та побутового призначення на добовому, тижневому та сезонному інтервалах у Харківській області', 366, '2015-06-01', '2017-12-01', 55, 2, 1142500),
(83, 1, 'Організація у Харківській області виробництва енергоефективного багатофункціонального перетворювача напруги для електричних мереж 380/220 В', 366, '2015-06-01', '2017-12-01', 38, 2, 1142500),
(84, 1, 'Створення системи пропаганди з енергоефективності на об‘єктах ЖКГ у Харківській області', 366, '2015-06-01', '2017-12-01', 60, 1, 1142500),
(85, 1, 'Термомодернізація приміщення поліклініки Лозівської міської лікарні', 261, '2016-05-01', '2016-12-01', 39, 3, 267500),
(86, 1, 'Реконструкція системи теплопостачання Південно-Західного житлового масиву шляхом реконструкції ТРС під котельні та монтаж модульних котелень у м. Лозова Харківської області', 241, '2015-01-01', '2017-01-01', 39, 2, 913750),
(87, 1, 'Створення Музею приватних колекцій Харкова', 284, '2016-01-01', '2017-01-01', 58, 1, 457500),
(88, 1, 'Дослідно-промислова установка отримання синтез-газу за допомогою плазми (м. Харків)', 78, '2015-05-01', '2017-12-01', 38, 2, 1181250),
(89, 1, 'Створення у Харківській області «під ключ» стаціонарних і пересувних установок зі знешкодження непридатних до використання хімічних засобів захисту рослин (ХЗЗР) продуктивністю від 50 до 500 кг/год.', 80, '2015-01-01', '2017-01-01', 49, 3, 913750),
(90, 1, 'Створення у Харківській області «під ключ» підприємств з утилізації твердих побутових відходів (ТПВ) продуктивністю від 10 до 500 тис. т/рік', 80, '2015-01-01', '2017-01-01', 49, 2, 913750),
(91, 1, 'Створення у Харківській області електрометалургійного мікрозаводу для виробництва малотоннажними партіями високоякісного сортового прокату обсягом до 200 тис. т на рік', 80, '2015-01-01', '2017-01-01', 38, 1, 913750),
(92, 1, 'Створення у Харківській області комплексу з переробки зношених автомобільних шин (ЗАШ) та виробництва альтернативних видів палива', 80, '2015-01-01', '2015-07-01', 49, 1, 226250),
(93, 1, 'Система моніторингу енерговитрат об''єктів міської інфраструктури м. Харкова', 215, '2015-01-01', '2017-01-01', 62, 1, 913750),
(94, 1, 'Ресурсоефективна освіта у Харківській області', 215, '2015-06-01', '2017-05-01', 123, 1, 875000),
(95, 1, 'Фосфоритні ресурси Харківщини', 269, '2015-06-01', '2017-12-01', 55, 1, 1142500),
(96, 1, 'Покращення медичного обслуговування сільського населення шляхом впровадження енергоефективності в центрах первинної медико-санітарної допомоги Краснокутського району', 226, '2015-05-01', '2017-12-01', 66, 3, 1181250),
(97, 1, 'Покращення якості надання медичних послуг населенню Краснокутського району шляхом утеплення будівлі та заміни електромережі у поліклінічному відділенні центральної районної лікарні', 224, '2015-05-01', '2017-12-01', 66, 2, 1181250),
(98, 1, '«Співочі тераси»-як втілення економіко- та бюджетоутворюючого сектору територіальної громади Краснокутського району', 229, '2015-08-01', '2017-10-01', 55, 3, 990000),
(99, 1, 'Меморіал загиблим воїнам Швеції та України, які полягли за незалежність України в роки Північної війни у 1709 році (Битва біля села Городнє Краснокутського району) у боротьбі з російським військом Петра I', 229, '2015-08-01', '2017-10-01', 57, 3, 990000),
(100, 1, 'Проект модернізації системи опалення будівлі КП ХОР «Профдезінфекція», за адресою вул. Валер‘янівська, 113, м. Харків, Україна', 253, '2015-09-01', '2017-12-01', 39, 3, 1027500),
(101, 1, 'Будівництво заводу з переробки твердих побутових відходів у Харківському районі', 359, '2015-01-01', '2017-01-01', 49, 1, 913750),
(102, 1, 'Український Північно-Східний Фруктово-Овочевий МитноЛогістичний Термінал', 359, '2015-01-01', '2018-01-01', 38, 3, 1370000),
(103, 1, 'Створення кооперативного оптового ринку сільськогосподарської продукції (ОРСП)', 340, '2015-04-01', '2017-12-01', 38, 1, 1218750),
(104, 1, 'Обґрунтування ґрунтових умов для вирощування енергетичних культур у Нововодолазькому районі Харківської області', 269, '2015-01-01', '2017-01-01', 55, 1, 913750),
(105, 1, 'Курси IT-підприємництва у Харківській області', 70, '2015-06-01', '2017-06-01', 36, 2, 913750),
(106, 1, 'Школа ІТ-менеджерів', 70, '2015-08-01', '2017-12-01', 36, 2, 1066250),
(107, 1, 'Міжнародний форум «IT-Kharkiv»', 70, '2015-10-01', '2017-11-01', 36, 3, 952500),
(108, 1, 'Створенні системи сільськогосподарських обслуговуючих кооперативів в громадах Чугуївського району', 4, '2015-05-01', '2017-12-01', 38, 1, 1181250),
(109, 1, 'Створення платформи співпраці бізнесу, влади та громади як запорука успішного соціально економічного розвитку територій Чугуївського району Харківської області', 341, '2015-09-01', '2015-11-01', 55, 1, 76250),
(110, 1, 'Новопокровській сільський будинок культури, вул. Петровського, смт Новопокровка Чугуївський район Харківська область', 278, '2015-01-01', '2016-01-01', 58, 1, 456250),
(111, 1, 'Будівництво блочної котельні та підвідних інженерних мереж для теплозабезпечення житлових будинків по вулиці В.Вєсіча в смт Новопокровка Чугуївського району Харківської області', 278, '2015-01-01', '2016-01-01', 39, 2, 456250),
(112, 1, 'Впровадження технологій з використанням котлів на альтернативних видах палива для опалення Чкаловського селищного будинку культури в смт Чкаловське, вул. Леніна, буд. 1 Чугуївського району Харківської області', 385, '2016-01-01', '2017-01-01', 55, 1, 457500),
(113, 1, 'Створення системи пропаганди енергоресурсоефективної поведінки у Чугуївському районі Харківської області', 330, '2015-01-01', '2016-01-01', 60, 1, 456250),
(114, 1, 'Відродження повноцінної діяльності сільського будинку культури-як шлях до відродження духовного спадку, створення умов для розкриття творчих здібностей і талантів мешканців селища', 278, '2016-03-01', '2016-10-01', 58, 1, 267500),
(115, 1, 'Енергозберігаючі технології у сільському господарстві Чугуївського району', 313, '2015-05-01', '2017-12-01', 55, 3, 1181250),
(116, 1, 'Майбутнє ФАПу на селі', 327, '2016-05-01', '2017-07-01', 55, 3, 532500),
(117, 1, 'Організація виробництва альтернативного палива з біомаси у Харківській області', 338, '2015-09-01', '2017-11-01', 48, 2, 990000),
(118, 1, '«Еврика»', 349, '2015-07-01', '2016-12-01', 58, 3, 648750),
(119, 1, 'Створення дослідної партії п‘єзопрофілометрів для забезпечення їх масового застосування в процесі оперативної діагностики якості поверхонь промислових виробів у Харківській області', 308, '2015-09-01', '2017-12-01', 55, 1, 1027500),
(120, 1, 'Адаптація вітчизняних балансувальних стробоскопів для всіх галузей промисловості у Харківській області', 308, '2015-09-01', '2017-12-01', 55, 3, 1027500),
(121, 1, 'Підготовка до серійного виробництва принципово нового експресаналізатору дисперсності', 308, '2015-09-01', '2017-12-01', 55, 3, 1027500),
(122, 1, 'Створення портативного аналоговоцифрового безконтактного тахометру і підготовка його серійного виробництва', 308, '2015-09-01', '2017-12-01', 38, 1, 1027500),
(123, 1, 'Створення безтіньового світильника і підготовка його серійного виробництва у Харківській області', 308, '2015-09-01', '2017-12-01', 38, 1, 1027500),
(124, 1, 'Туристично-рекреаційний кластер як шлях до відновлення традиційного характеру урбанізованих територій малих історичних міст та розвитку самодостатності громад в руслі децентралізації (на прикладі м. Люботина)', 20, '2015-06-01', '2017-12-01', 64, 1, 1142500),
(125, 1, 'Будівництво асфальтового заводу у Сахновщинському районі Харківської області', 320, '2015-08-01', '2017-05-01', 38, 1, 798750),
(126, 1, 'Установка 7 транспортабельних газових котелень біля об''єктів соціальної сфери в смт Червоний Донець з розробкою проектнокошторисної документації (Вказаний захід потребує вирішення питання переведення решти квартир селища на індивідуальне опалення)', 243, '2015-07-01', '2017-10-01', 39, 4, 1028750),
(127, 1, 'Реконструкція газового котла «Заміна існуючих пальникових пристроїв на котлі КВГ-7,56-150 №3 на пальники СНГ-33 в котельні по вул. Газовиків, 14 КП БРР «Балаклійські теплові мережі» Харківської області', 243, '2016-01-01', '2016-03-01', 39, 2, 75000),
(128, 1, 'Установка транспортабельної котельні з твердопаливним котлом біля Червоногусарівської ЗОШ з розробкою проектно-кошторисної документації', 243, '2015-07-01', '2015-12-01', 39, 4, 191250),
(129, 1, 'Установка транспортабельної котельні з твердопаливним котлом біля Пришибської ЗОШ з розробкою проектно-кошторисної документації', 243, '2015-07-01', '2015-12-01', 39, 4, 191250),
(130, 1, 'Установка твердопаливного котла в котельні с. Борщівка і заміна теплових мереж з розробкою проектно-кошторисної документації', 243, '2015-07-01', '2015-12-01', 39, 2, 191250),
(131, 1, 'Установка твердопаливного котла в котельні с. Петрівське з розробкою проектно-кошторисної документації', 243, '2015-07-01', '2015-12-01', 39, 4, 191250),
(132, 1, 'Установка твердопаливного котла в котельні с. Довгалівка з розробкою проектно-кошторисної документації', 243, '2015-07-01', '2015-12-01', 39, 4, 191250),
(133, 1, 'Модернізація котелень по вул. Леніна, 64, вул. Газовиків, 14 та на пл. Ростовцева, 1 з дооснащенням частотними перетворювачами електродвигунів димососів (6 шт.), дуттєвих вентиляторів (4 шт.) та підвищувальних насосів (2 шт.)', 243, '2015-04-01', '2015-10-01', 39, 3, 228750),
(134, 1, 'Установка твердопаливних котлів в котельні по вул. Партизанська, 3 м. Балаклія з розробкою проектнокошторисної документації', 243, '2015-04-01', '2015-10-01', 39, 4, 228750),
(135, 1, 'Установка твердопаливного котла в котельні по вул. Кірова, 25 м. Балаклія з розробкою проектнокошторисної документації', 243, '2017-04-01', '2017-10-01', 39, 4, 228750),
(136, 1, 'Установка твердопаливного котла в котельні по вул. Перемоги, 100 м. Балаклія і заміна теплових мереж з розробкою проектно-кошторисної документації', 243, '2017-04-01', '2017-10-01', 39, 2, 228750),
(137, 1, 'Установка твердопаливного котла в котельні с. Веселе Балаклійського района і заміна теплових мереж з розробкою проектно-кошторисної документації', 243, '2017-04-01', '2017-10-01', 39, 2, 228750),
(138, 1, 'Установка твердопаливного котла в котельні смт Савинці і заміна теплових мереж з розробкою проектно-кошторисної документації', 243, '2017-04-01', '2017-10-01', 39, 2, 228750),
(139, 1, 'Утеплення фасадів КЗОЗ БРР «Балаклійська центральна клінічна районна лікарня»', 249, '2015-01-01', '2017-01-01', 122, 2, 913750),
(140, 1, 'Реконструкція газової котельні Андріївської загальноосвітньої школи І-ІІІ ступенів № 1 Балаклійської районної ради Харківської області з розробкою проектно-кошторисної документації', 3, '2015-07-01', '2016-09-01', 39, 4, 535000),
(141, 1, 'Встановлення енергоефективних котлів у газовій топочній Вишнівській загальноосвітньої школі І-ІІІ ступенів Балаклійської районної ради Харківської області', 21, '2015-07-01', '2015-09-01', 39, 2, 77500),
(142, 1, '«Вода-джерело життя на селі» Капітальний ремонт водогону с. Веселе Балаклійського району Харківської області', 22, '2015-07-01', '2016-09-01', 37, 3, 535000),
(143, 1, 'Реконструкція прилеглої території пам‘ятника Г.П.Данилевського в с. Пришиб', 65, '2015-07-01', '2017-10-01', 58, 2, 1028750),
(144, 1, 'Переобладнання системи вуличного освітлення селища Савинці, села Довгалівка та селища Раківка з впровадженням енергоефективного обладнання', 66, '2015-07-01', '2017-10-01', 40, 2, 1028750),
(145, 1, 'Капітальний ремонт житлових багатоповерхових будинків з впровадженням енергоефективних заходів по утепленню будівель та стимулюванню громади до створення ОСББ в селищі Савинці Балаклійського району Харківської області', 66, '2015-07-01', '2017-10-01', 42, 2, 1028750),
(146, 1, 'Реконструкція мереж водопостачання в смт Золочів Харківської області по вулицям 1 Травня, пров. Земляний, вул. Коника, вул. Правди, площа Леніна, вул. Комсомольська, пров. Комсомольський, вул. Матросова, вул. Шевченка, вул. Воровського, вул. Сковороди, ву', 87, '2015-01-01', '2016-01-01', 37, 2, 456250),
(147, 1, 'Встановлення 2 резервних твердопаливних котлів на альтернативному паливі в топковій Золочівського БДЮТ', 28, '2015-01-01', '2016-01-01', 39, 2, 456250),
(148, 1, 'Будівництво артезіанської свердловини для забезпечення питною водою населення смт Золочів', 87, '2016-04-01', '2017-10-01', 37, 2, 685000),
(149, 1, 'Виготовлення проектно-кошторисної документації на будівництво артезіанської свердловини для забезпечення питною водою населення смт Золочів', 87, '2015-01-01', '2016-01-01', 37, 2, 456250),
(150, 1, 'Водопостачання для населення з підземною прокладкою труб по ст. Одноробівка Одноробівської Першої сільської ради Золочівського району Харківської області', 286, '2015-01-01', '2016-01-01', 37, 3, 456250),
(151, 1, 'Реконструкція системи водопостачання в с. Одноробівка Золочівського району Харківської області по вул. Поштова, будівля 52', 286, '2015-01-01', '2016-01-01', 37, 2, 456250),
(152, 1, 'Карта ґрунтів Харківської області та потенціал їх родючості', 269, '2015-01-01', '2017-01-01', 55, 3, 913750),
(153, 1, 'Локальні екологічні коридоризапорука функціонування Національної екологічної мережі у Харківській області', 360, '2015-01-01', '2017-12-01', 55, 1, 1331250),
(154, 1, 'Екологічний(зелений) туризм в Шевченківському районі Харківської області', 360, '2015-01-01', '2015-12-01', 65, 1, 417500),
(155, 1, 'Створення інформаційно-ділового порталу «Agro +»', 377, '2015-08-01', '2017-12-01', 82, 3, 1066250),
(156, 1, 'Впровадження енергоефективних систем керування освітленням приміщень і вулиць Харкова і Харківської області', 268, '2015-01-01', '2017-01-01', 55, 2, 913750),
(157, 1, 'Формування системи обслуговуючої кооперації в сільському господарстві області', 377, '2015-06-01', '2017-12-01', 55, 1, 1142500),
(158, 1, 'Регіональний центр комерціалізації результатів наукових досліджень', 377, '2015-07-01', '2017-12-01', 55, 3, 1105000),
(159, 1, 'Організація створення Харківського міжнародного агентства сприяння експорту', 377, '2016-01-01', '2017-02-01', 55, 2, 496250),
(160, 1, 'Проведення робіт по реабілітації, пов‘язаних з реконструкцією будівлі обласного комунального закладу Харківського історичного музеюпам‘ятки архітектури місцевого значення (охоронний номер 432), що розташована за адресою: м. Харків, вул. Університетська, 5', 71, '2012-12-01', '2015-12-01', 122, 1, 1368750),
(161, 1, 'Технічне переоснащення котельні по вул. 8 Березня с. Піщанка Красноградського району Харківської області з заміною котлів та допоміжного обладнання', 256, '2015-04-01', '2015-12-01', 39, 2, 305000),
(162, 1, 'Модернізація інженерного обладнання житлового фонду міста Харкова', 245, '2016-10-01', '2017-12-01', 122, 3, 532500),
(163, 1, 'Оснащення багатоквартирних житлових будинків комунальної власності вузлами обліку холодної питної води', 252, '2015-10-01', '2017-12-01', 42, 3, 990000),
(164, 1, 'Впровадження технологій використання теплових насосів з метою теплопостачання, гарячого водопостачання та кондиціювання об‘єктів підприємства з використанням тепла каналізаційних стоків та метою закриття існуючих газових котелень, усунення викидів парнико', 252, '2015-01-01', '2017-01-01', 38, 2, 913750),
(165, 1, 'Тепломодернізація будівель і споруд КВ «Донець» с. Кочеток, Чугуївського району, Харківської області', 252, '2015-07-01', '2017-12-01', 39, 2, 1105000),
(166, 1, 'Нове будівництво комплексу з переробки твердих побутових відходів з системою, збору, утилізації полігонного газу та виробництва електричної енергії у м. Дергачі Харківської області', 239, '2015-02-01', '2017-12-01', 49, 2, 1292500),
(167, 1, 'Підвищення енергоефективності в секторі централізованого теплопостачання України м. Харкова', 242, '2014-11-01', '2020-10-01', 55, 2, 2701250),
(168, 1, 'Створення паливно-енергетичного ресурсу, який є альтернативою газу, що особливо важливо в опалювальний період року', 309, '2015-01-01', '2017-01-01', 39, 1, 913750),
(169, 1, 'Створення виробництв зернозбиральних комбайнів John Deere W660,650 та ХТЗ 3085 (Sampo 3085 Superior) на території індустріального парку «ХТЗ-1»', 299, '2015-01-01', '2020-01-01', 38, 3, 2282500),
(170, 1, 'Розробка проекту та реалізація заходів з захисту від підтоплення та розчистка русла ріки Берека біля с. Красиве Первомайського району Харківської області', 301, '2015-06-01', '2017-06-01', 51, 3, 913750),
(171, 1, 'Реконструкція системи водопостачання по селищу Біляївка Первомайського району Харківської області', 301, '2015-05-01', '2015-12-01', 37, 2, 267500),
(172, 1, 'Газифікація села Новоберецьке Первомайського району Харківської області', 83, '2016-01-01', '2017-01-01', 39, 2, 457500),
(173, 1, 'Реконструкція водопровідної мережі с. Картамиш Первомайського району Харківської області', 301, '2016-01-01', '2016-12-01', 37, 2, 418750),
(174, 1, 'Організація інфраструктури, в рамках міжнародного центру органічного землеробства «Україна-Схід- Органік» , для готових органічних продуктів споживання та їх реалізація споживачу', 347, '2015-06-01', '2016-04-01', 55, 2, 381250),
(175, 1, 'Реконструкція водогону селища Комсомольське Первомайського району Харківської області', 301, '2015-05-01', '2015-12-01', 37, 2, 267500),
(176, 1, '«Первомайщина Слобожанська»', 23, '2015-12-01', '2017-12-01', 58, 3, 913750),
(177, 1, 'Реконструкція водопровідних мереж с. Олексіївка Первомайського району Харківської області', 301, '2016-01-01', '2016-12-01', 37, 2, 418750),
(178, 1, 'Реконструкція вуличного освітлення с. Олексіївка Первомайського району Харківської області', 301, '2015-05-01', '2016-12-01', 40, 2, 725000),
(179, 1, 'Переведення закладів освіти району на альтернативне опалення з використанням піролізних котлів «Мотор Сич»', 30, '2015-06-01', '2015-10-01', 48, 3, 152500),
(180, 1, 'Реконструкція системи водопостачання с.Шульське Первомайського району Харківської обл.', 301, '2015-05-01', '2015-12-01', 37, 2, 267500),
(181, 1, 'Технічне переоснащення системи теплопостачання з установкою модульних котелень на твердому паливі в смт Чкаловське Чугуївського району Харківської області (коригування)', 71, '0000-00-00', '0000-00-00', 39, 2, 0),
(182, 1, '''Від історичних витоків до зміцнення самобутності'' модернізація Ізюмського краєзнавчого музею ім. М.В. Сібільова', 89, '0000-00-00', '0000-00-00', 58, 3, 0),
(183, 2, 'Підвищення рівня безпеки та комфорту дорожнього руху в Харківській області', 62, '2015-07-01', '2017-12-01', 67, 2, 1105000);
INSERT INTO `project` (`id`, `global_program`, `name`, `customer`, `time_start`, `time_finish`, `program`, `financing_id`, `cost`) VALUES
(184, 2, '«В гармонії з природою». Реконструкція водоймища по вулиці Урицького в місті Богодухові Харківської області та створення зони відпочинку', 15, '2015-01-01', '2016-01-01', 69, 3, 456250),
(185, 2, 'Будівництво каналізаційного колектору по вул. Чалого, вул. Загорулько, вул. Урицького в м. Богодухові Харківської області', 237, '2015-01-01', '2015-10-01', 72, 2, 341250),
(186, 2, 'Реконструкція системи водовідведення в м. Богодухів (другий пусковий комплекс). Реконструкція очисних споруд вул. Катукова', 237, '2015-01-01', '2015-09-01', 77, 2, 303750),
(187, 2, 'Заміна вигрібних ям житлових будинків №№75,75Г,75Д,75Е по вул. Д. Бєдного в м. Богодухові Харківської області на малі очисні споруди типу «BIOTAL»', 237, '2015-01-01', '2016-01-01', 72, 3, 456250),
(188, 2, 'Реконструкція системи водовідведення м. Первомайський Харківської області', 302, '2015-01-01', '2017-01-01', 77, 2, 913750),
(189, 2, 'Реконструкція електропостачання комплексу очисних споруд м. Первомайський Харківської області', 302, '2015-01-01', '2017-01-01', 78, 2, 913750),
(190, 2, 'Будівництво житлових будинків в м. Харкові з застосуванням та модернізацією існуючих державних житлових програм', 336, '2015-04-01', '2017-12-01', 73, 3, 1218750),
(191, 2, 'Будівництво Комплексу по управлінню комунальними відходами в м. Богодухів Харківської області (коригування)', 71, '2014-06-01', '2016-12-01', 71, 1, 1142500),
(192, 2, 'Будівництво Комплексу по управлінню комунальними відходами в м. Люботин Харківської області', 71, '2015-06-01', '2016-12-01', 71, 1, 686250),
(193, 2, 'Управління демографічним процесом як основа формування поліцентричної системи розселення Харківського регіону', 219, '2015-06-01', '2016-12-01', 85, 1, 686250),
(194, 2, 'Будівництво спеціалізованої архівної споруди для розміщення Державного архіву Харківської області', 81, '2015-01-01', '2017-01-01', 74, 2, 913750),
(195, 2, 'Проведення інвентаризації, реконструкції та модернізації очисних споруд м. Ізюм Харківської області', 60, '2015-05-01', '2016-12-01', 71, 3, 725000),
(196, 2, 'Формування попиту населення Харківської області на профілактичну медицину-крок до здорового способу життя', 77, '2015-06-01', '2016-12-01', 88, 1, 686250),
(197, 2, 'Відбиття небезпеки по-європейські', 366, '2015-07-01', '2017-12-01', 85, 3, 1105000),
(198, 2, 'Чугуївський районний інформаційнометодичний центр прийомної сім‘ї', 387, '2015-05-01', '2017-05-01', 83, 2, 913750),
(199, 2, 'Інвентаризація очисних споруд Харківської, Ізюмської, Куп''янської та Лозівської урбанізованих зон. Розроблення рекомендацій щодо інтенсифікації їх роботи', 267, '2015-01-01', '2016-01-01', 87, 4, 456250),
(200, 2, 'Тепло дітям', 316, '2015-05-01', '2015-09-01', 83, 2, 153750),
(201, 2, 'Будівництво водопроводу в смт Приколотне Великобурлуцького району Харківської області', 310, '2015-07-01', '2017-05-01', 77, 2, 837500),
(202, 2, 'Підвищення ефективності функціонування інституту сімейної медицини у Харківській області на основі інформаційно-комунікаційних технологій і аутсорсингу', 77, '2015-06-01', '2016-12-01', 23, 2, 686250),
(203, 2, 'Коригування проекту «Полігон твердих побутових відходів смт. Печеніги Харківської області»(в т.ч. проектування під‘їзної дороги та укладки і захоронення ТПВ стихійного походження)', 305, '2015-01-01', '2017-01-01', 71, 3, 913750),
(204, 2, 'Захист літніх людей і життєвого досвіду', 379, '2013-11-01', '0000-00-00', 83, 4, 0),
(205, 2, 'Про виховання підростаючого покоління', 379, '2013-11-01', '0000-00-00', 86, 4, 0),
(206, 2, 'Профілактика злочинності серед неповнолітніх', 379, '2013-11-01', '0000-00-00', 86, 4, 0),
(207, 2, 'Створення стандартів захищеності', 379, '2013-11-01', '0000-00-00', 83, 1, 0),
(208, 2, 'Реконструкція споруд відведення та очистка стічних вод м. Ізюм', 342, '0000-00-00', '0000-00-00', 69, 3, 0),
(209, 2, 'Розробка нового генерального плану міста Ізюм та розроблення у його складі плану зонування територій (зонінг)', 19, '2015-04-01', '2016-12-01', 81, 4, 762500),
(210, 2, 'Проект по створенню «Центру психологічної корекції та соціальної адаптації дітей з особливостями розвитку та їх сімей» на базі Харківської міської дитячої лікарні №5 у відділенні психіатричного стаціонару', 376, '2015-02-01', '2017-02-01', 83, 3, 913750),
(211, 2, 'Капітальний ремонт водогону смт Дворічна', 69, '2015-07-01', '2017-09-01', 77, 2, 991250),
(212, 2, 'Вдосконалення системи розробки містобудівної документації малих міст Харківської області', 366, '2015-09-01', '2017-12-01', 81, 4, 1027500),
(213, 2, 'Вирішення житлової проблеми в Харківській області шляхом перетворення сезонного заміського житла в постійне', 366, '2015-09-01', '2017-12-01', 81, 4, 1027500),
(214, 2, 'Будівництво КНС № 1, КНС №2, мережі самопливної та напірної каналізації в м. Вовчанську Харківської області', 35, '2015-01-01', '2016-01-01', 72, 2, 456250),
(215, 2, 'Реконструкція ясла-сада №1, по вул. Пролетарське поле, 11 в м. Вовчанськ, Харківській області', 35, '2015-01-01', '2016-01-01', 74, 2, 456250),
(216, 2, 'Реконструкція дитячого садка №7 з облаштуванням шатрової, горішньої покрівлі, розташований по вул. Гоголя, 28 в м. Вовчанську Харківської області', 35, '2015-01-01', '2016-01-01', 74, 2, 456250),
(217, 2, 'Капітальний ремонт покрівлі житлового будинку за адресою: Харківська обл., Вовчанський р-н, м. Вовчанськ, вул. Гоголя,68', 35, '2015-01-01', '2016-01-01', 73, 2, 456250),
(218, 2, 'Капітальний ремонт покрівлі житлового будинку за адресою: Харківська обл., Вовчанський р-н, м. Вовчанськ, вул. Гоголя,60', 35, '2015-01-01', '2016-01-01', 73, 2, 456250),
(219, 2, 'Зелене будівництво', 33, '2015-01-01', '2017-01-01', 16, 2, 913750),
(220, 2, 'Пансіонат для людей похилого віку', 33, '2015-01-01', '2017-01-01', 73, 4, 913750),
(221, 2, 'Поліпшення якості питної води та забезпечення споживачів', 33, '2015-01-01', '2017-01-01', 68, 4, 913750),
(222, 2, 'Будівництво багатофункціонального фізкультурно-оздоровчого комплексу на території стадіону «Дергачі» по вул. Петровського в м. Дергачі в Харківській області', 75, '2015-01-01', '2015-12-01', 73, 3, 417500),
(223, 2, 'Відповідність змісту освіти потребам і викликам сучасного суспільства. Активізація впровадження різних форм залучення дітей до отримання дошкільної освіти', 25, '2015-01-01', '2016-01-01', 90, 4, 456250),
(224, 2, 'Активізація та покращення благоустрою медичного закладу', 225, '2015-04-01', '2016-10-01', 89, 3, 686250),
(225, 2, 'Відповідність змісту освіти потребам і викликам сучасного суспільства. Активізація впровадження різних форм залучення дітей до отримання дошкільної освіти', 25, '2015-01-01', '2017-01-01', 90, 4, 913750),
(226, 2, 'Рекультивація полігону твердих побутових відходів смт Пересічне Дергачівського району Харківської області', 304, '2016-01-01', '2017-01-01', 71, 1, 457500),
(227, 2, 'Капітальний ремонт очисних споруд КП «Пересічанський благоустрій» по вул. Чапаєва в смт Пересічне Дергачівського району', 304, '2016-01-01', '2017-01-01', 77, 3, 457500),
(228, 2, 'Капітальний ремонт очисних споруд КП «Пересічанський благоустрій» по вул. Шота Гогорішвілі в смт Пересічне Дергачівського району', 304, '2016-01-01', '2017-01-01', 77, 3, 457500),
(229, 2, 'Будівництво дошкільного навчального закладу по вул. 8 Березня/вул. Пушкіна в смт Пересічне Дергачівського району Харківської області', 304, '2016-01-01', '2017-01-01', 74, 2, 457500),
(230, 2, 'Будівництво лікувально-оздоровчого комплексу в Дергачівському районі Харківської області', 227, '0000-00-00', '0000-00-00', 73, 2, 0),
(231, 2, '«Здорова молодь – майбутнє країни»', 153, '2015-01-01', '2016-01-01', 21, 3, 456250),
(232, 2, '«Ремонт сільського клубувідродження села»', 154, '2015-04-01', '2015-12-01', 74, 3, 305000),
(233, 2, '«Сучасне ДНЗ – виховання майбутнього покоління»', 152, '2015-04-01', '2015-12-01', 24, 3, 305000),
(234, 2, 'Капітальний ремонт очисних споруд типу «Біоплато» в селі Великі Проходи Дергачівського району Харківської області', 311, '2015-01-01', '2017-01-01', 77, 3, 913750),
(235, 2, 'Будівництво лікарняного комплексу в смт. Солоницівка', 323, '0000-00-00', '0000-00-00', 74, 2, 0),
(236, 2, 'Реконструкція очисних споруд каналізації в м. Валки Валківського району Харківської області', 238, '2016-04-01', '2017-04-01', 72, 2, 456250),
(237, 2, 'Капітальний ремонт очисних споруд в смт Нова Водолага, вул. Харківська, 171 Нововодолазького району Харківської області', 275, '2015-06-01', '2017-12-01', 77, 2, 1142500),
(238, 2, 'Капітальний ремонт очисних споруд в с. Липкуватівка Нововодолазького району Харківської області', 9, '2015-06-01', '2017-12-01', 77, 2, 1142500),
(239, 2, 'Реконструкція водопровідної мережі смт Зачепилівка', 85, '2015-06-01', '2017-12-01', 77, 2, 1142500),
(240, 2, 'Побудова полігону твердих побутових відходів смт Зачепилівка', 85, '2015-06-01', '2017-12-01', 71, 1, 1142500),
(241, 2, 'Побудова полігону твердих побутових відходів с. Нове Мажарове, Зачепилівського району', 276, '2015-06-01', '2017-12-01', 71, 1, 1142500),
(242, 2, 'Відновлення вуличного освітлення частини смт Зачепилівка', 85, '2015-06-01', '2017-12-01', 79, 2, 1142500),
(243, 2, 'Закупівля фізіотерапевтичного та діагностичного обладнання для превентивного лікування та основних процедур для амбулаторій загальної практики сімейної медицини, ФП та ФАПів', 222, '2015-06-01', '2017-12-01', 81, 4, 1142500),
(244, 2, 'Будівництво каналізаційної мережі з установкою локальних очисних споруд типу «Біопроцесор»', 234, '2015-01-01', '2016-01-01', 72, 3, 456250),
(245, 2, 'Будівництво каналізаційної мережі з установкою локальних очисних споруд типу «Біопроцесор» (с. Липці)', 233, '2015-01-01', '2016-01-01', 72, 3, 456250),
(246, 2, 'Будівництво каналізаційної мережі з установкою локальних очисних споруд типу «Біопроцесор» (м. Лозова)', 235, '2015-01-01', '2016-01-01', 72, 3, 456250),
(247, 2, 'Будівництво каналізаційної мережі з установкою локальних очисних споруд типу «Біопроцесор» (м. Богодухів)', 232, '2015-01-01', '2016-01-01', 72, 3, 456250),
(248, 2, 'Водопостачання села Дар-Надежда Сахновщинського району Харківської області', 68, '2015-01-01', '2016-01-01', 77, 4, 456250),
(249, 2, 'Будівництво водопровідної мережі в с. Тарасівка та с. Червоний степ Сахновщинського району Харківської області', 260, '2015-01-01', '2016-01-01', 77, 2, 456250),
(250, 2, 'Регенерація міських систем водопостачання та водовідведення в містах Харків, Ізюм, Куп‘янськ і Лозова', 349, '2015-06-01', '2017-06-01', 77, 4, 913750),
(251, 2, '«Банк часу»', 64, '2015-05-01', '2016-05-01', 81, 3, 457500),
(252, 2, 'Будівництво очисних споруд замість існуючих, які розташовані в м. Чугуєві, с. Соцзмагання Харківської області', 2, '2015-07-01', '2017-12-01', 77, 2, 1105000),
(253, 2, 'Створення Міжнародного центру ядерної медицини у Харківській області', 356, '2016-01-01', '2018-12-01', 81, 1, 1331250),
(254, 2, 'Науково-технічне та екологічне обґрунтування реконструкції та модернізації очисних споруд системи водовідведення для населених пунктів Харківської області', 366, '2015-09-01', '2017-12-01', 80, 3, 1027500),
(255, 2, 'Капітальний ремонт головного корпусу КЗ «Куп‘янська міська лікарня» смт Ківшарівка', 221, '2015-09-01', '2017-05-01', 74, 3, 760000),
(256, 2, 'Реконструкція та модернізація очисних споруд м. Куп‘янськ', 344, '2015-01-01', '2017-01-01', 77, 3, 913750),
(257, 2, 'Реконструкція очисних споруд м. Лозова (споруди механічної очистки) Реконструкція очисних споруд м. Лозова (споруди біологічної очистки)', 251, '2015-06-01', '2016-12-01', 77, 3, 686250),
(258, 2, '«Бібліомобіль Харківщини»', 283, '2015-09-01', '2017-12-01', 91, 3, 1027500),
(259, 2, 'Інвентаризація, геоінформаційний аналіз і оцінка ефективності роботи споруд з очищення господарськопобутових стічних вод в Харківській області та надання рекомендацій щодо впровадження на них фітотехнологій «Біоплато» у Харківській області', 366, '2015-09-01', '2017-12-01', 87, 3, 1027500),
(260, 2, 'Капітальний ремонт спортивного залу Кутузівської ЗОШ І-ІІІ ступенів Харківського району Харківської області', 359, '2015-06-01', '2015-11-01', 74, 2, 191250),
(261, 2, 'Будівництво нового загальноосвітнього закладу у мікрорайоні Мобіль сел. Пісочин Харківського району Харківської області', 359, '2015-06-01', '2017-09-01', 74, 2, 1028750),
(262, 2, '«Харківщина без тютюнового диму»', 61, '2015-06-01', '2017-12-01', 88, 3, 1142500),
(263, 2, 'Забезпечення мобільності людей з особливими потребами у містах Харків, Ізюм, Куп‘янськ, Лозова, Первомайський, Чугуїв', 366, '2015-09-01', '2017-12-01', 85, 4, 1027500),
(264, 2, 'Соціальна підтримка незахищених верств населення, дітей та юнацтва Харківської області', 379, '2015-01-01', '2017-01-01', 85, 1, 913750),
(265, 2, 'Капітальний ремонт водогону до шкільного підрозділу Студенокського навчально-виховного комплексу', 328, '2015-05-01', '2015-09-01', 77, 2, 153750),
(266, 2, 'Заміна вікон дерев‘яних на більш енергоефективні (металопластикові)', 328, '2015-05-01', '2015-09-01', 73, 3, 153750),
(267, 2, 'Заміна вікон дерев‘яних на більш енергоефективні (металопластикові)', 88, '2015-05-01', '2015-09-01', 73, 3, 153750),
(268, 2, 'Перевід котелень на альтернативні види опалення (дрова, пеллети, брикети)', 88, '2015-05-01', '2015-09-01', 76, 4, 153750),
(269, 2, 'Заміна вікон дерев‘яних на більш енергоефективні (металопластикові)', 34, '2015-05-01', '2015-09-01', 73, 3, 153750),
(270, 2, 'Заміна вікон дерев‘яних на більш енергоефективні (металопластикові)', 213, '2015-05-01', '2015-09-01', 73, 3, 153750),
(271, 2, 'Заміна вікон дерев‘яних на більш енергоефективні (металопластикові)', 264, '2015-05-01', '2015-09-01', 73, 3, 153750),
(272, 2, 'Заміна вікон дерев‘яних на більш енергоефективні (металопластикові)', 258, '2015-05-01', '2015-09-01', 73, 3, 153750),
(273, 2, 'Заміна вікон дерев‘яних на більш енергоефективні (металопластикові)', 287, '2015-05-01', '2015-09-01', 73, 3, 153750),
(274, 2, 'Заміна вікон дерев‘яних на більш енергоефективні (металопластикові)', 16, '2015-05-01', '2015-09-01', 73, 3, 153750),
(275, 2, 'Перевід котелень на альтернативні види опалення (дрова, пеллети, брикети)', 16, '2015-05-01', '2015-09-01', 76, 4, 153750),
(276, 2, 'Заміна вікон дерев‘яних на більш енергоефективні (металопластикові)', 384, '2015-05-01', '2015-09-01', 73, 3, 153750),
(277, 2, 'Реконструкція свердловини № 4 в смт Чкаловське Чугуївського району Харківської області', 385, '2015-01-01', '2017-01-01', 77, 2, 913750),
(278, 2, 'Формування національної моделі первинної медико-санітарної допомоги на засадах сімейної медицини селах та селищах Чугуївського району', 386, '2015-06-01', '2017-12-01', 81, 1, 1142500),
(279, 2, 'Просторове планування для економічного зростання сел та селищ Чугуївського району', 322, '2015-01-01', '2017-01-01', 81, 4, 913750),
(280, 2, 'Соціальний інтернет-офіс у Чугуївському районі Харківської області', 246, '0000-00-00', '0000-00-00', 85, 4, 0),
(281, 2, 'Реконструкція системи водопостачання північної частини с. Коробочкине Чугуївського району Харківської області', 250, '2015-01-01', '2017-01-01', 77, 2, 913750),
(282, 2, 'Реконструкція каналізаційних очисних споруд смт Малинівка Чугуївського району Харківської області', 262, '2015-01-01', '2017-01-01', 72, 2, 913750),
(283, 2, 'Реконструкція системи централізованого водопостачання в смт Чкаловське Чугуївського району Харківської області', 385, '2015-01-01', '2017-01-01', 77, 2, 913750),
(284, 2, 'Оздоровлення басейну ріки Лопань', 338, '2015-09-01', '2017-10-01', 69, 4, 951250),
(285, 2, 'Організація малого виробництва бутильованої питної води з водопровідного джерела (з наступною доочисткою води) у житловому секторі, для постійного забезпечення групи багатоквартирних житлових будинків якісною водою у Харківській області', 366, '2015-12-01', '2025-12-01', 74, 2, 4566250),
(286, 2, '«Profhelper»', 56, '2015-06-01', '2015-12-01', 85, 3, 228750),
(287, 2, 'Реконструкція каналізаційних насосних станцій міста Люботин', 37, '2015-06-01', '2017-12-01', 72, 2, 1142500),
(288, 2, 'Заміна застарілих, прийшовших у непридатність ділянок мережі централізованого водовідведення м. Люботин (5 км)', 37, '2015-06-01', '2017-12-01', 77, 3, 1142500),
(289, 2, 'Заміна застарілих, прийшовших у непридатність ділянок мережі централізованого водопостачання м. Люботин (15 км.)', 37, '2015-06-01', '2017-12-01', 77, 3, 1142500),
(290, 2, 'Реконструкція каналізаційних очисних споруд Північної та Південної частини міста Люботин', 37, '2015-06-01', '2017-12-01', 72, 2, 1142500),
(291, 2, 'Перевід котелень на альтернативні види опалення (дрова, пеллети, брикети)', 383, '2015-05-01', '2015-09-01', 76, 4, 153750),
(292, 2, 'Реконструкція системи водовідведення та очистки стічних вод смт Червоний Донець Балаклійського району Харківської області', 236, '2015-07-01', '2017-10-01', 77, 3, 1028750),
(293, 2, 'Реконструкція очисних споруд з впровадженням фітотехнологій «Біоплато» смт Андріївка Балаклійського району Харківської області', 236, '2016-05-01', '2016-10-01', 77, 3, 191250),
(294, 2, 'Капітальний ремонт покрівлі Савинського селищного будинку культури', 319, '2015-01-01', '2016-01-01', 74, 1, 456250),
(295, 2, 'Встановлення багатофункціональних спортивних та тренажерних майданчиків на території Балаклійського району', 321, '2015-07-01', '2017-10-01', 74, 2, 1028750),
(296, 2, 'Реконструкція нежитлових приміщень та будівель КП БРР «Балаклійський районний дитячоюнацький спортивно-оздоровчий комплекс «Вимпел» в м. Балаклії', 321, '2015-05-01', '2017-10-01', 74, 3, 1105000),
(297, 2, 'Реконструкція каналізаційної мережі від каналізаційної насосної станції, яка знаходиться біля будинку № 37 по вул. Леніна, до каналізаційного самопливного колектору на вул. Фрунзе біля будинку № 7 в смт. Савинці Балаклійського району Харківської області', 66, '2015-07-01', '2017-10-01', 72, 2, 1028750),
(298, 2, 'Реконструкція каналізаційної насосної станції за адресою: вул. Тимофієнка, 1 смт. Савинці Балаклійського району Харківської області', 66, '2015-07-01', '2017-10-01', 72, 2, 1028750),
(299, 2, 'Капітальний ремонт провулка Комсомольський в смт Золочів', 87, '2016-04-01', '2017-10-01', 74, 2, 685000),
(300, 2, 'Реконструкція каналізаційних очисних споруд в смт Золочів по вул. Комарова', 87, '2016-01-01', '2017-01-01', 72, 2, 457500),
(301, 2, 'Будівництво школи на 264 учня (I черга) в селі Писарівка', 306, '2015-01-01', '2016-01-01', 74, 2, 456250),
(302, 2, 'Проект реконструкції очисних споруд в с. Феськи, Золочівський район, Харківська область', 348, '2015-01-01', '2016-01-01', 77, 2, 456250),
(303, 2, 'Розчистка русла р. Немишля від вул. Червона поляна до Кулінічівської водойми у Фрунзенському районі м. Харкова', 345, '2015-06-01', '2017-12-01', 69, 3, 1142500),
(304, 2, 'Реконструкція Лопанської греблі', 345, '2015-01-01', '2017-01-01', 77, 2, 913750),
(305, 2, 'Формування спроможних громад у контексті децентралізації влади', 377, '2015-06-01', '2016-12-01', 84, 1, 686250),
(306, 2, 'Якість надання адміністративних послуг населенню', 377, '2015-06-01', '2017-12-01', 81, 1, 1142500),
(307, 2, 'Інтерактивна електронна карта ресурсів громади', 377, '2015-06-01', '2017-12-01', 82, 1, 1142500),
(308, 2, 'Обгрунтування раціонального ступеня децентралізації владних відносин за галузями народного господарства', 377, '2015-06-01', '2016-12-01', 81, 2, 686250),
(309, 2, 'Реконструкція приміщень комплексу корпусів (приймального, фізіотерапевтичного відділення, операційного блоку, облаштування відділення екстреної медичної допомоги), дах із застосуванням енергозберігаючих технологій комунального закладу охорони здоров‘я Обл', 71, '2012-12-01', '2015-12-01', 74, 3, 1368750),
(310, 2, 'Будівництво поліклініки в м. Дергачі Харківської області (коригування)', 71, '2008-07-01', '2015-12-01', 74, 2, 3386250),
(311, 2, 'Реконструкція приміщення травматологічного та ревматологічного відділень 8-го поверху головного лікувального корпусу, приміщення під облаштування Центру екстреної медичної допомоги та медицини катастроф комунального закладу охорони здоров‘я «Обласна кліні', 71, '2013-11-01', '2015-12-01', 74, 3, 950000),
(312, 2, 'Будівництво водозабірної свердловини в с. Зорянське Шевченківського району Харківської області (коригування)', 71, '2013-10-01', '2015-12-01', 77, 2, 988750),
(313, 2, 'Будівництво багатофункціонального фізкультурно-оздоровчого комплексу в м. Вовчанськ, Харківської області (коригування)', 71, '2012-09-01', '2015-12-01', 74, 1, 1482500),
(314, 2, 'Будівництво модульної будівлі фізкультурно-оздоровчого комплексу на території дендрологічного парку «Дружба» за адресою: м. Лозова, вул. Жовтнева (коригування)', 71, '2012-12-01', '2015-12-01', 74, 3, 1368750),
(315, 2, 'Будівництво фізкультурнооздоровчого комплексу по вул. Маршала Гречка, б/н м. Первомайський, Харківської області (коригування)', 71, '2012-11-01', '2015-12-01', 74, 1, 1406250),
(316, 2, 'Реконструкція мереж водопостачання в селищі Орілька Лозівського району, Харківської області', 288, '2015-06-01', '2017-08-01', 77, 2, 990000),
(317, 2, 'Реконструкція очисних споруд в смт Сахновщина', 320, '2016-01-01', '2017-01-01', 77, 2, 457500),
(318, 2, 'Реконструкція водопровідної мережі смт Кегичівка', 220, '2015-06-01', '2017-12-01', 77, 2, 1142500),
(319, 2, 'Побудова полігону твердих побутових відходів смт Кегичівка', 220, '2015-06-01', '2017-12-01', 71, 1, 1142500),
(320, 2, 'Побудова полігону твердих побутових відходів смт Чапаєве Кегичівського району', 220, '2015-06-01', '2017-12-01', 71, 1, 1142500),
(321, 2, 'Відновлення вуличного освітлення частини смт Кегичівка', 220, '2015-06-01', '2017-12-01', 79, 2, 1142500),
(322, 2, 'Капітальний ремонт насосної станції ІІ підйому із заміною обладнання у м. Красноград та с. Наталине', 255, '2014-10-01', '2015-01-01', 77, 2, 115000),
(323, 2, 'Капітальний відновлювальний ремонт очисних споруд с. Комуніст Харківського району Харківської області', 244, '2015-01-01', '2016-01-01', 77, 2, 456250),
(324, 2, 'Капітальний відновлювальний ремонт очисних споруд п. Хорошево Харківського району Харківської області', 244, '2015-01-01', '2016-01-01', 77, 2, 456250),
(325, 2, 'Капітальний відновлювальний ремонт очисних споруд с. Селекційне Харківського району Харківської області', 244, '2015-01-01', '2016-01-01', 77, 2, 456250),
(326, 2, 'Капітальний відновлювальний ремонт очисних споруд о/х Комунар у с. Коротич Харківського району Харківської області', 244, '2015-01-01', '2016-01-01', 77, 2, 456250),
(327, 2, 'Реконструкція очисних споруд із застосуванням технології «Біоплато» села Бірки, Зміївського району, Харківськой області', 334, '2015-05-01', '2015-12-01', 77, 3, 267500),
(328, 2, 'Удосконалення системи мулового господарства каналізаційних очисних споруд м. Харкова', 252, '2014-11-01', '2019-12-01', 72, 2, 2320000),
(329, 2, 'Розробка містобудівної документації на території територіальних громад та їх адміністративні центри', 73, '2015-05-01', '2017-12-01', 81, 4, 1181250),
(330, 2, 'Будівництво доступного житла у Харківській області', 73, '2015-01-01', '2017-01-01', 73, 2, 913750),
(331, 2, 'Будівництво амбулаторії загальної практики-сімейної медицини (ЗПСМ) з вбудованим житлом для лікаря в с. Лиман Зміївського району Харківської області', 223, '2015-06-01', '2016-12-01', 74, 2, 686250),
(332, 2, 'Будівництво амбулаторії загальної практики-сімейної медицини (ЗПСМ) з вбудованим житлом для лікаря в с. Таранівка Зміївського району Харківської області', 223, '2015-06-01', '2016-12-01', 74, 2, 686250),
(333, 2, 'Заміна штучного покриття спортивного майданчика Зміївської дитячо-юнацької спортивної школи Зміївської районної ради Харківсьої області', 26, '2015-06-01', '2016-12-01', 74, 3, 686250),
(334, 2, 'Реконструкція очисних споруд в селі Бірки з використанням технології «Біоплато»', 86, '2015-01-01', '2016-01-01', 77, 3, 456250),
(335, 2, 'Будівництво котельні КЗОЗ «Зміївська центральна районна лікарня» Харківська область, м. Зміїв, вул. Таранівське шосе, 1Б', 1, '2015-06-01', '2016-12-01', 76, 3, 686250),
(336, 2, 'Капітальний ремонт приміщення початкової школи (Першотравневий дошкільний навчальний заклад (ясласадок) Бірківської сільської ради Зміївського району Харківської області)', 10, '2015-06-01', '2016-12-01', 74, 2, 686250),
(337, 2, 'Реконструкція будівлі дитячого садка с. Таранівка Зміївського району Харківської області', 329, '2015-06-01', '2016-12-01', 74, 2, 686250),
(338, 2, 'Реконструкція нежитлової будівлі Банку «Україна» для розміщення дошкільного навчального закладу вул. Комсомольська, 35, смт Близнюки Харківської області', 14, '2015-01-01', '2015-12-01', 74, 3, 417500),
(339, 2, 'Реконструкція водопроводу від насосної станції до вул. Говорова м. Лозова', 343, '2016-06-01', '2016-09-01', 77, 2, 115000),
(340, 2, 'Реконструкція водопроводу по проспекту Перемоги м. Лозова', 343, '2015-06-01', '2015-09-01', 77, 2, 115000),
(341, 2, 'Технічне переоснащення каналізаційної насосної станції №3 по вул. Червоногвардійська, 50 б, м. Лозова', 251, '2017-06-01', '2017-09-01', 72, 2, 115000),
(342, 2, 'Реконструкція самопливного каналізаційного колектора по вул. Карла Маркса до каналізаційної насосної станції № 2 у м. Лозова Харківської області', 343, '2016-03-01', '2016-09-01', 72, 2, 230000),
(343, 2, 'Реконструкція очисних споруд м. Лозова (споруди біологічної очистки)', 343, '2015-05-01', '2016-12-01', 77, 3, 725000),
(344, 2, 'Реконструкція очисних споруд м. Лозова (споруди механічної очистки)', 251, '2015-06-01', '2016-12-01', 77, 3, 686250),
(345, 2, 'Реконструкція системи аерації станції біологічної очистки стічних вод м. Лозова', 343, '2015-06-01', '2015-08-01', 77, 3, 76250),
(346, 2, 'Збережи, зміцни та створи умови для гармонійного фізичного розвитку мешканців м. Лозова', 346, '2015-05-01', '2017-12-01', 81, 2, 1181250),
(347, 2, 'Проектування та будівництво полігону твердих побутових відходів з сортуванням та переробкою в межах Грушинської сільської ради (біля с. Караченцево) Первомайського району Харківської області (робоча назва)', 301, '2015-01-01', '2017-01-01', 71, 1, 913750),
(348, 2, 'Ремонт покрівлі та енергозбереження багатоквартирного житлового будинку с-ща Комсомольське Первомайського району Харківської області', 298, '2015-01-01', '2016-01-01', 43, 3, 456250),
(349, 2, 'Розробка картографічної основи Харківської області в системі координат УСК-2000 в масштабі М1:10000 для визначення меж новостворених об''єднаних громад та невикористовуваних земельних ділянок і відображення їх в геоінформаційній системі порталу відкритих д', 353, '0000-00-00', '0000-00-00', 82, 4, 0),
(350, 2, 'Реконструкція системи водопостачання в с.Кіндрашівка Куп''янського району, Харківської області (коригування)', 228, '0000-00-00', '0000-00-00', 77, 2, 0),
(351, 2, 'Газопостачання села Чорноглазівка, села Жовтневе, села Карасівка Золочівського району Харківської області (коригування)', 84, '0000-00-00', '0000-00-00', 76, 2, 0),
(352, 2, 'Реконструкція Балаклійської загальноосвітньої школи І-ІІІ ступенів № 5 Балаклійської районної ради Харківської області для розміщення навчально-виховного комплексу, розташованої по вул. Перемоги № 100 в м. Балаклія Харківської обл.', 5, '0000-00-00', '0000-00-00', 74, 2, 0),
(353, 2, 'Реконструкція стадіону ''Авангард'' у м. Змієві, вул. Вернигоренка,1/Пушкарьова, 36 (коригування)', 27, '0000-00-00', '0000-00-00', 74, 2, 0),
(354, 2, 'Реконструкція електропостачання комплексу очисних споруд м. Первомайський (перерахунок)', 300, '0000-00-00', '0000-00-00', 78, 2, 0),
(355, 2, 'Водовод від водопровідної насосної станції 2-го підйому Букинського водозабору до контррезервуарів, розташованих на вул. Аеродромній в м. Ізюм – реконструкція', 71, '0000-00-00', '0000-00-00', 77, 2, 0),
(356, 2, 'Розвиток спорту на селі – запорука здорової громади. Реконструкція нежитлової будівлі спортивного залу в селі Садове Близнюківського району Харківської області', 13, '0000-00-00', '0000-00-00', 81, 2, 0),
(357, 2, 'Реконструкція водогону в селищі Мала Данилівка Дергачівського району Харківської області', 263, '0000-00-00', '0000-00-00', 77, 2, 0),
(358, 2, 'Реконструкція системи водопостачання в с. Правда Первомайского району Харківської області', 307, '0000-00-00', '0000-00-00', 77, 2, 0),
(359, 2, 'Проект землеустрою щодо встановлення (зміни) меж адміністративно-територіального утворення перспективної територіальної громади — Мереф''янська міська територіальна громада', 266, '0000-00-00', '0000-00-00', 81, 2, 0),
(360, 2, 'Реконструкція водозабору в селищі Жовтневе Асіївської сільської ради Балаклійського району Харківської області', 194, '2015-01-01', '2016-01-01', 77, 2, 456250),
(361, 2, 'Капітальний ремонт водопроводу село Новомиколаївка – селище Жовтневе Асіївської сільської ради Балаклійського району Харківської області', 194, '2015-01-01', '2016-01-01', 77, 2, 456250),
(362, 2, 'Капітальний ремонт системи каналізації багатоквартирного будинку по вулиці Генерала Бобкіна, 7 с.Гусарівка', 289, '2015-01-01', '2016-01-01', 72, 2, 456250),
(363, 2, 'Берегиня роду людського (придбання комплекту меблів для кімнати проведення соціальної адаптації людей похилого віку, дітей та молоді)', 165, '2015-01-01', '2016-01-01', 85, 2, 456250),
(364, 2, 'Якісна питна вода – наша головна мета', 184, '2015-01-01', '2016-01-01', 16, 1, 456250),
(365, 2, 'Джерело ''Риштаки''', 36, '2015-01-01', '2016-01-01', 16, 2, 456250),
(366, 2, '«Село майстрів»', 121, '2015-01-01', '2016-01-01', 24, 3, 456250),
(367, 2, 'Від відродження української народної ляльки до формування національної та громадянської самосвідомості', 196, '2015-01-01', '2016-01-01', 24, 1, 456250),
(368, 2, '«Рухливі ігри – здорові діти!»', 7, '2015-01-01', '2016-01-01', 85, 3, 456250),
(369, 2, 'Створення інноваційного інтерактивного інформаційного ресурсу для громади Коломацького району', 230, '2015-01-01', '2016-01-01', 82, 1, 456250),
(370, 2, 'Створення клубу соціального спілкування ''Від покоління до покоління''', 230, '2015-01-01', '2016-01-01', 85, 1, 456250),
(371, 2, 'Заміна вікон в спортивній залі Більшовицької гімназії на енергозберігаючі', 129, '2015-01-01', '2016-01-01', 74, 3, 456250),
(372, 2, 'НІ – екологічній катастрофі, ТАК – спортивному майбутньому', 180, '2015-01-01', '2016-01-01', 85, 1, 456250),
(373, 2, 'Придбання сучасного дитячоспортивного комплексу для стадіону ''Авангард''', 49, '2015-01-01', '2016-01-01', 74, 2, 456250),
(374, 2, 'Вирішення проблеми очищення стічних вод', 176, '2015-01-01', '2016-01-01', 81, 2, 456250),
(375, 2, 'Змістовне дозвілля – наша справа (відновлення сценічного освітлення Палацу культури ім.В.І.Кошелєва смт Ківшарівка)', 204, '2015-01-01', '2016-01-01', 85, 2, 456250),
(376, 2, '«Дитина на вулицях міста»', 145, '2015-01-01', '2016-01-01', 85, 3, 456250),
(377, 2, 'Чисте повітря – це твій ЕкоХід (розвиток велоінфраструктури у місті)', 40, '2015-01-01', '2016-01-01', 92, 1, 456250),
(378, 2, 'Місто майстрів (об''єднання громадян похилого віку та людей з інвалідністю міста Чугуєва, залучення їх до активного суспільногромадського життя, поширення кращих традицій міста, участі в гуртковій роботі)', 137, '2015-01-01', '2016-01-01', 84, 2, 456250),
(379, 3, 'Створення лабораторії «Практик регіонального управління» в Харківській області', 217, '2015-09-01', '2017-12-01', 25, 3, 1027500),
(380, 3, 'Розробка інформаційно-довідкових матеріалів для забезпечення переходу Харківської області до поліцентричної моделі розвитку', 219, '2015-04-01', '2016-12-01', 101, 4, 762500),
(381, 3, 'Розробка концепції трансформації інформаційного суспільства в суспільство знань на основі системного підходу як інноваційну основу суспільно-економічного розвитку Харківського регіону', 273, '2015-05-01', '2017-12-01', 101, 4, 1181250),
(382, 3, 'Підвищення фінансово-економічної грамотності населення Харківської області', 366, '2015-09-01', '2017-05-01', 96, 2, 760000),
(383, 3, 'Реконструкція водопровідних мереж в смт Великий Бурлук Харківської області', 18, '2015-01-01', '2016-01-01', 102, 2, 456250),
(384, 3, 'Будівництво каналізаційно-очисних споруд для смт Великий Бурлук Харківської області', 18, '2015-01-01', '2016-01-01', 103, 2, 456250),
(385, 3, 'Будівництво глибинної артезіанської свердловини в смт Великий Бурлук Харківської області', 18, '2015-01-01', '2016-01-01', 102, 2, 456250),
(386, 3, 'Реконструкція каналізаційного колектору у мікрорайоні №2 смт Великий Бурлук Харківської області', 18, '2015-01-01', '2017-01-01', 103, 2, 913750),
(387, 3, 'Капітальний ремонт покрівлі на багатоквартирних будинках в смт Великий Бурлук Харківської області по вул. Свинаренка, 1а, вул. Жовтнева 7, вул. Червоноармійська 39 а.', 18, '2015-01-01', '2016-01-01', 105, 2, 456250),
(388, 3, 'Встановлення станції доочистки води на свердловину по вул. Терешкової, 10 в смт Великий Бурлук Харківської області', 18, '2016-01-01', '2017-01-01', 102, 2, 457500);
INSERT INTO `project` (`id`, `global_program`, `name`, `customer`, `time_start`, `time_finish`, `program`, `financing_id`, `cost`) VALUES
(389, 3, 'Будівництво звалища твердих побутових відходів в смт Великий Бурлук Харківської області', 18, '2016-01-01', '2017-01-01', 109, 1, 457500),
(390, 3, 'Реконструкція житлового будинку ОСББ з впровадженням енергозберігаючих технологій методом комплексного утеплення будівлі за адресою мікрорайон № 1 будинок 8 смт. Великий Бурлук Харківської області', 297, '2016-01-01', '2017-01-01', 105, 2, 457500),
(391, 3, 'Реконструкція житлового будинку ОСББ з впровадженням енергозберігаючих технологій методом комплексного утеплення будівлі за адресою мікрорайон № 1 будинок 9 смт. Великий Бурлук Харківської області', 297, '2016-01-01', '2017-01-01', 105, 2, 457500),
(392, 3, 'Громадський контроль і ліквідація корупції у Харківській області', 379, '2013-11-01', '0000-00-00', 111, 2, 0),
(393, 3, 'Створення кодексу моралі та етики', 379, '2013-11-01', '0000-00-00', 115, 1, 0),
(394, 3, 'Розвиток територіальної громади', 379, '2013-11-01', '0000-00-00', 121, 2, 0),
(395, 3, 'Створення громадської ідеї Харківщини, як прообразу національної ідеї України', 379, '2013-11-01', '0000-00-00', 121, 1, 0),
(396, 3, 'Реабілітація учасників АТО', 12, '2015-01-01', '2017-01-01', 112, 2, 913750),
(397, 3, 'Єдина молодіжна комунікаційна платформа', 64, '2015-04-01', '2016-05-01', 121, 2, 495000),
(398, 3, 'Правове просвітництво членів територіальних громад', 324, '2015-07-01', '2017-12-01', 121, 2, 1105000),
(399, 3, 'Створення Порталу відкритих даних Харківської області для розвитку електронного урядування як системи публічного сервісу та основи для ухвалення ефективних управлінських рішень', 354, '2015-10-01', '2017-12-01', 101, 1, 990000),
(400, 3, 'Розробка енергетичних планів для об‘єктів соціально-культурного та побутового призначення м. Харкова та районів Харківської області', 366, '2015-06-01', '2017-12-01', 99, 1, 1142500),
(401, 3, 'Збережи, зміцни та створи умови для гармонійного фізичного розвитку мешканців м. Лозова', 346, '2015-05-01', '2017-12-01', 119, 2, 1181250),
(402, 3, 'Реконструкція м‘якої покрівлі на шатрову Лозівської загальноосвітньої школи І-ІІІ ст. №3 Лозівської міської ради Харківської області, за адресою: Харківська область, м.Лозова, мікрорайон 2, буд. 8', 29, '2015-01-01', '2016-01-01', 105, 2, 456250),
(403, 3, 'Підвищення ефективності та енергозбереження освітлення об‘єктів Харківської області', 339, '2015-09-01', '2017-05-01', 99, 2, 760000),
(404, 3, 'Створення міжрегіонального житлово-реабілітаційного комплексу для переселенців «Слобожанщинанова домівка»', 355, '2016-01-01', '2018-12-01', 105, 3, 1331250),
(405, 3, 'Організація моніторингу агроресурсів та створення земельної інформаційної системи Харківської області за даними космічної зйомки', 269, '2015-07-01', '2017-12-01', 100, 2, 1105000),
(406, 3, 'Будівництво системи водопостачання в селі Діброва Ізюмського району Харківської області', 317, '2015-05-01', '2015-10-01', 102, 2, 191250),
(407, 3, 'Реконструкція мережі вуличного освітлення в селі Діброва Ізюмського району Харківської області', 317, '2015-05-01', '2018-10-01', 107, 2, 1561250),
(408, 3, 'Капітальний ремонт системи водопостачання в селі Капитолівка Ізюмського району Харківської області', 317, '2015-05-01', '2016-10-01', 102, 2, 648750),
(409, 3, 'Формування навичок ефективного менеджменту посадових осіб органів місцевого самоврядування в умовах децентралізації управління', 360, '0000-00-00', '0000-00-00', 96, 2, 0),
(410, 3, 'Реконструкція мережі вуличного освітлення в селі Капитолівка Ізюмського району Харківської області', 317, '2015-05-01', '2018-10-01', 107, 2, 1561250),
(411, 3, 'Вуличне освітлення в селі Студенок та селі Яремівка Ізюмського району Харківської області', 318, '2015-05-01', '2015-10-01', 107, 2, 191250),
(412, 3, 'Капітальний ремонт споруди сільського будинку культури в селі Студенок Ізюмського району Харківської області', 318, '2015-05-01', '2015-10-01', 120, 1, 191250),
(413, 3, 'Капітальний ремонт дороги вулиці Голосова та вулиці Артема в селі Студенок Ізюмського району Харківської області', 318, '2015-05-01', '2015-10-01', 106, 2, 191250),
(414, 3, 'Капітальний ремонт системи водопостачання в селі Яремівка Ізюмського району Харківської області', 318, '2015-05-01', '2015-10-01', 102, 2, 191250),
(415, 3, 'Система інформування та координації залучення міжнародної технічної допомоги', 70, '2015-05-01', '2017-10-01', 99, 1, 1105000),
(416, 3, 'Забезпечення ефективної роботи центрів надання адміністративних послуг Харківської області шляхом створення єдиної інформаційної системи', 70, '2016-01-01', '2017-12-01', 101, 2, 875000),
(417, 3, 'Розвиток патріотичного виховання дітей та молоді в сфері культури Чугуївського району', 231, '2015-05-01', '2017-12-01', 115, 1, 1181250),
(418, 3, '«Світ без мовних обмежень» (обладнання лінгафонного кабінету в смт Новопокровка Чугуївського району Харківської області)', 281, '2015-01-01', '2016-01-01', 95, 3, 456250),
(419, 3, 'Капітальний ремонт покрівлі Введенського навчально-виховного процесу Чугуївської районної ради Харківської області', 31, '2015-01-01', '2016-01-01', 120, 2, 456250),
(420, 3, 'Встановлення металопластикових вікон у Кочетоцькій загальноосвітній школі І-ІІІ ступенів Чугуївської районної ради Харківської області', 31, '2015-01-01', '2016-01-01', 120, 2, 456250),
(421, 3, 'Капітальний ремонт покрівлі Малинівської гімназії Чугуївської районної ради Харківської області', 31, '2015-01-01', '2016-01-01', 120, 2, 456250),
(422, 3, '«Затишний двір»(облаштування паркану навколо подвіря Новопокровського навчальновиховного комплексу)', 31, '2015-01-01', '2016-01-01', 120, 3, 456250),
(423, 3, 'Створення Дата центру для забезпечення роботи системи електронного урядування Харківської області та інтеграції освітнього простору регіону з міжнародними системами дистанційного навчання', 357, '2015-11-01', '2016-12-01', 101, 1, 495000),
(424, 3, 'Переобладнання будівлі колишньої лікарні під міні-готель для розміщення тимчасово переміщених осіб з зони проведення АТО з наступним використанням для «Зеленого туризму»', 318, '2015-05-01', '2016-05-01', 112, 3, 457500),
(425, 3, 'Розробка та впровадження у Харківській області термомодернізації будівель з використанням енергетично цілеспрямованих інженерних систем для економії енергоресурсів', 366, '2015-09-01', '2017-12-01', 99, 1, 1027500),
(426, 3, 'Реконструкція двоповерхової нежитлової будівлі-контори під амбулаторію загальної практики – сімейної медицини с. Петрівське КЗОЗ БРР «БРЦПМСД», розташованої за адресою: вул. Ханіна, № 7, с. Петрівське, Балаклійського району, Харківської області', 247, '2015-01-01', '2017-01-01', 120, 3, 913750),
(427, 3, 'Реконструкція приміщень, в яких розташовані спортивні зали, стадіонів та спортивних майданчиків селища Савинці Балаклійського району Харківської області', 66, '2015-07-01', '2017-10-01', 120, 2, 1028750),
(428, 3, 'Будівництво глибинної свердловини питної води селища Савинці Балаклійського району Харківської області', 66, '2015-07-01', '2017-10-01', 102, 2, 1028750),
(429, 3, 'Подовження третьої лінії метрополітену у м. Харкові', 352, '2015-07-01', '2017-12-01', 106, 2, 1105000),
(430, 3, 'Будівництво Харківського метрополітену (дільниця від станції «Олексіївська» до станції «Проспект Перемоги»)', 352, '2015-07-01', '2017-12-01', 106, 3, 1105000),
(431, 3, 'Соціальна включеність громад у міжнародний простір через розвиток інститутів міжмуніципального партнерства', 377, '2015-07-01', '2016-10-01', 96, 2, 572500),
(432, 3, 'Підготовка стандартизованого інструктивного довідника для фахівців-практиків з розробки стратегій сталого муніципального розвитку', 377, '2015-01-01', '2015-04-01', 99, 4, 112500),
(433, 3, 'Розробка стратегій і «дорожніх карт» взаємо узгодженого сталого розвитку районів і малих міст', 377, '2015-07-01', '2016-07-01', 99, 3, 457500),
(434, 3, 'Забезпечення добровільно об‘єднаних територіальних громад обов‘язковими планами їх соціальноекономічного розвитку', 377, '2015-06-01', '2016-06-01', 121, 2, 457500),
(435, 3, 'Упорядкування чинних обласних цільових програм у єдину цілеспрямовану систему розвитку', 377, '2015-07-01', '2016-12-01', 99, 2, 648750),
(436, 3, 'Організація постійно діючої системи моніторингу конкурентоспроможності регіону через технологію бенчмаркінгу', 377, '2015-06-01', '2017-12-01', 100, 2, 1142500),
(437, 3, 'Публічне інформування і підготовка інструктивних довідників з пропаганди культури енергозбереження серед співробітників і відвідувачів бюджетних організацій', 377, '2015-07-01', '2017-06-01', 115, 2, 876250),
(438, 3, '«Комфортний простір»', 377, '2015-05-01', '2017-12-01', 116, 3, 1181250),
(439, 3, 'Електронна сільська громада', 377, '2015-05-01', '2017-12-01', 101, 2, 1181250),
(440, 3, 'Електронне урядування як інтегрована інформаційна база соціально-економічного розвитку регіону', 377, '2015-01-01', '2017-01-01', 101, 2, 913750),
(441, 3, 'Система просвіти та популяризації переваг використання адміністративних електронних послуг в Харківській області', 377, '2015-05-01', '2016-12-01', 101, 2, 725000),
(442, 3, '«Живі проекти» Створення циклу телепередач та новин про перебіг виконання пріоритетних проектів', 377, '2015-07-01', '2016-12-01', 117, 3, 648750),
(443, 3, 'Електронний реєстр пацієнтів', 377, '0000-00-00', '0000-00-00', 101, 2, 0),
(444, 3, 'Створення постійно діючої системи підвищення професійного рівня службовців і менеджерів з питань управління реалізацією енергоефективних проектів на місцевому рівні', 377, '2015-06-01', '2017-12-01', 97, 2, 1142500),
(445, 3, 'Будівництво полігону твердих побутових відходів (ТПВ) у місті Краснограді', 254, '2015-05-01', '2017-07-01', 109, 1, 990000),
(446, 3, 'Комплекс по управлінню комунальними відходами м. Первомайск', 334, '2015-05-01', '2015-12-01', 109, 1, 267500),
(447, 3, 'Будівництво інженерних споруд для компостування побутових відходів в м. Мерефа', 334, '2015-05-01', '2015-12-01', 109, 1, 267500),
(448, 3, 'Комплекс по управлінню комунальними відходами м. Люботин', 334, '2015-05-01', '2015-12-01', 109, 1, 267500),
(449, 3, 'Заміна фізично зношених насосних агрегатів в системі водопостачання району «П''ятихатки» м. Харкова', 252, '2015-01-01', '2017-01-01', 102, 3, 913750),
(450, 3, 'Підвищення надійності та довговічності роботи мереж водопостачання та водовідведення за рахунок санації, заміни з використанням сучасних матеріалів та технологій м. Харків', 252, '2015-01-01', '2017-01-01', 102, 2, 913750),
(451, 3, 'Суспільний договір про моральноціннісні пріоритети на підставі спільного формування Зводу морально-ціннісних пріоритетів громади', 349, '2015-05-01', '2017-07-01', 115, 1, 990000),
(452, 3, 'Геоінформаційний моніторинг реалізації Стратегії розвитку Харківської області до 2020 р.', 303, '2015-07-01', '2017-12-01', 100, 2, 1105000),
(453, 3, 'Газифікація вул. Підстанція с-ща Комсомольське Первомайського району Харківської області', 8, '2015-01-01', '2016-01-01', 108, 2, 456250),
(454, 3, 'Капітальний ремонт по заміні дерев''яних дверей на металопластикові у фельдшерськоакушерському пункті с.Вишнева КЗОЗ ''Балаклійська ЦКРЛ'' Балаклійського району Харківської області', 160, '2015-01-01', '2016-01-01', 120, 2, 456250),
(455, 3, 'Заміна старих вікон на енергозберігаючі в приміщеннях Балаклійського ліцею Балаклійської районної державної адміністрації Харківської області', 138, '2015-01-01', '2016-01-01', 120, 3, 456250),
(456, 3, 'Придбання екологічно чистих санітарних блоків для позаміського дитячого закладу оздоровлення та відпочинку ''Олімпія''', 138, '2015-01-01', '2016-01-01', 120, 1, 456250),
(457, 3, 'Заміна дерев''яних віконних блоків на енергозберігаючі металопластикові у Балаклійській дитячій музичній школі Балаклійської районної ради Харківської області', 46, '2015-01-01', '2016-01-01', 120, 3, 456250),
(458, 3, 'Капітальний ремонт по заміні віконних блоків на металопластикові у Балаклійському дошкільному навчальному закладі (ясла-садок №7) Балаклійської міської ради Харківської області', 92, '2015-01-01', '2016-01-01', 120, 2, 456250),
(459, 3, 'Капітальний ремонт по заміні віконних блоків на металопластикові у Балаклійському дошкільному навчальному закладі (ясла-садок №2) Балаклійської міської ради Харківської області', 91, '2015-01-01', '2016-01-01', 120, 2, 456250),
(460, 3, 'Відновлення вуличного освітлення в селищі Андріївка Балаклійського району Харківської області', 189, '2015-01-01', '2016-01-01', 107, 2, 456250),
(461, 3, 'Капітальний ремонт по заміні дерев''яних віконних блоків на металопластикові у Веселівській ЗОШ І-ІІІ ступенів Балаклійської районної ради Харківської області', 191, '2015-01-01', '2016-01-01', 120, 2, 456250),
(462, 3, 'Поточний ремонт вуличного освітлення с.Довгалівка Балаклійського району Харківської області', 167, '2015-01-01', '2016-01-01', 107, 2, 456250),
(463, 3, 'Капітальний ремонт опалення сільського клубу с.Червона Гусарівка Балаклійського району Харківської області з встановленням енергозберігаючої системи опалення', 54, '2015-01-01', '2016-01-01', 108, 2, 456250),
(464, 3, 'Капітальний ремонт по заміні дерев''яних віконних блоків на металопластикові у П''ятигірському дошкільному навчальному закладу (ясла-садок) старшої групи П''ятигірської сільської ради Балаклійського району Харківської області', 202, '2015-01-01', '2016-01-01', 120, 2, 456250),
(465, 3, 'Капітальний ремонт ''Утеплення приміщення в Вербівському дошкільному навчальному закладі (ясла-садок) Вербівської сільської ради''', 41, '2015-01-01', '2016-01-01', 120, 2, 456250),
(466, 3, 'Сучасна амбулаторія (заміна вікон у приміщенні Гусарівської амбулаторії загальної практики сімейної медицини)', 164, '2015-01-01', '2016-01-01', 120, 3, 456250),
(467, 3, 'Тепло талановитим людям (заміна вікон у частині приміщення Василівського сільського будинку культури)', 163, '2015-01-01', '2016-01-01', 120, 2, 456250),
(468, 3, '«Школа радості, добра, успіху»', 119, '2015-01-01', '2016-01-01', 30, 3, 456250),
(469, 3, '«В теплі та затишку – щасливі та здорові діти!!!»', 203, '2015-01-01', '2016-01-01', 120, 2, 456250),
(470, 3, '«Збережемо тепло у школі, передамо тепло у душі»', 211, '2015-01-01', '2016-01-01', 120, 2, 456250),
(471, 3, 'Впровадження теплоефективного опалювального обладнання в сільських лікувальних закладах первинної медицини', 150, '2015-01-01', '2016-01-01', 108, 2, 456250),
(472, 3, 'Впровадження теплоефективного опалювального обладнання в сільських лікувальних закладах первинної медицини', 134, '2015-01-01', '2016-01-01', 108, 2, 456250),
(473, 3, 'Впровадження теплоефективного опалювального обладнання в сільських лікувальних закладах первинної медицини', 136, '2015-01-01', '2016-01-01', 108, 2, 456250),
(474, 3, 'Енергозберігаючі вікна – шлях до економії паливно-енергетичних ресурсів в бюджетних установах', 113, '2015-01-01', '2016-01-01', 120, 1, 456250),
(475, 3, '«Разом до найкращих умов розвитку дитини»', 183, '2015-01-01', '2016-01-01', 30, 3, 456250),
(476, 3, 'Вікна для ''Теремка''', 115, '2015-01-01', '2016-01-01', 120, 2, 456250),
(477, 3, 'У ''Ялинці'' тепло кожній дитинці', 114, '2015-01-01', '2016-01-01', 120, 2, 456250),
(478, 3, '«Затишна школа»', 131, '2015-01-01', '2016-01-01', 120, 3, 456250),
(479, 3, 'Капітальний ремонт по заміні вікон в місцях загального користування в ОСББ ''Майське-37''', 140, '2015-01-01', '2016-01-01', 120, 2, 456250),
(480, 3, '«Вікна надії – 2»', 39, '2015-01-01', '2016-01-01', 120, 3, 456250),
(481, 3, '«Вікна надії»', 90, '2015-01-01', '2016-01-01', 120, 3, 456250),
(482, 3, '«Тепло і затишно в школі – радісні і здорові діти»', 151, '2015-01-01', '2016-01-01', 120, 2, 456250),
(483, 3, 'Благоустрій території біля пам''ятного знаку ''Жертвам Чорнобиля''', 32, '2015-01-01', '2016-01-01', 30, 2, 456250),
(484, 3, 'Гарантом здоров''я кожної дитини є придбання для дитячого садочка плити, м''ясорубки і пральної машини', 192, '2015-01-01', '2016-01-01', 120, 2, 456250),
(485, 3, 'Гарні вікна й двері – в Жовтневий навчально-виховний комплекс (заміна дерев''яних віконних блоків на енергозберігаючі металопластикові у Жовтневому НВК Вовчанського району Харківської області)', 168, '2015-01-01', '2016-01-01', 120, 3, 456250),
(486, 3, '«З теплом до людей»', 133, '2015-01-01', '2016-01-01', 120, 2, 456250),
(487, 3, 'Заміна вікон в Гатищенському НВК Вовчанського району Харківської області на енергозберігаючі', 161, '2015-01-01', '2016-01-01', 120, 3, 456250),
(488, 3, 'Гарні вікна й двері – в дитсадок для маленьких діточок (заміна дерев''яних віконних блоків та дверей на енергозберігаючі металопластикові у ДНЗ №7 Вовчанської міської ради Вовчанського району Харківської області)', 36, '2015-01-01', '2016-01-01', 120, 3, 456250),
(489, 3, 'Ремонт шкільного надвірного туалету', 147, '2015-01-01', '2016-01-01', 120, 2, 456250),
(490, 3, 'Часткова заміна системи опалення та 2 дверей Топільської ЗОШ І-ІІІ ступенів', 209, '2015-01-01', '2016-01-01', 120, 3, 456250),
(491, 3, '«Європейський приклад – вчимося заощаджувати»', 201, '2015-01-01', '2016-01-01', 99, 3, 456250),
(492, 3, '«Мій садок – моя фортеця»', 124, '2015-01-01', '2016-01-01', 120, 3, 456250),
(493, 3, '«Здорова екологія – здорові діти»', 206, '2015-01-01', '2016-01-01', 109, 3, 456250),
(494, 3, 'Сучасне ДНЗ – виховання майбутнього покоління', 166, '2015-01-01', '2016-01-01', 115, 2, 456250),
(495, 3, '«Збережемо тепло в нашому домі»', 185, '2015-01-01', '2016-01-01', 120, 2, 456250),
(496, 3, '«Збережемо тепло для шкільної родини»', 182, '2015-01-01', '2016-01-01', 120, 2, 456250),
(497, 3, '«Подаруй тепло школі!»', 169, '2015-01-01', '2016-01-01', 120, 2, 456250),
(498, 3, 'Тепло і затишок для навчальновиховного комплексу', 187, '2015-01-01', '2016-01-01', 120, 2, 456250),
(499, 3, '«Ліцей – наш дім, збережемо тепло у нім!»', 196, '2015-01-01', '2016-01-01', 120, 2, 456250),
(500, 3, 'Капітальний ремонт по заміні дерев''яних віконних та дверних блоків на енергозберігаючі металопластикові в Комунальному навчальному закладі ''Бірківська дитяча музична школа'' Зміївської районної ради Харківської області', 157, '2015-01-01', '2016-01-01', 120, 3, 456250),
(501, 3, 'Капітальний ремонт по заміні дерев''яних віконних блоків на енергозберігаючі металопластикові в Комунальному закладі охорони здоров''я ''Зміївська центральна районна лікарня'' Зміївської районної ради Харківської області', 148, '2015-01-01', '2016-01-01', 120, 3, 456250),
(502, 3, 'Капітальний ремонт по заміні дерев''яних віконних та дверних блоків на енергозберігаючі металопластикові в Шелудьківському ДНЗ (ясла-садок) ''Веселка'' Шелудьківської сільської ради Зміївського району Харківської області', 188, '2015-01-01', '2016-01-01', 120, 3, 456250),
(503, 3, 'Капітальний ремонт по заміні дерев''яних віконних блоків на енергозберігаючі металопластикові в Зміївському ліцеї №1 Зміївської районної ради Харківської області імені двічі Героя Радянського Союзу З.К.Слюсаренка', 148, '2015-01-01', '2016-01-01', 120, 3, 456250),
(504, 3, 'Капітальний ремонт по заміні дерев''яних віконних блоків на енергозберігаючі металопластикові в Комунальному закладі охорони здоров''я ''Комсомольській міській лікарні'' Зміївської районної ради Харківської області', 199, '2015-01-01', '2016-01-01', 120, 3, 456250),
(505, 3, 'Капітальний ремонт по заміні дерев''яних віконних та дверних блоків на енергозберігаючі металопластикові в Зідьківській ЗОШ І-ІІІ ступенів Зміївської районної ради Харківської області', 198, '2015-01-01', '2016-01-01', 120, 3, 456250),
(506, 3, 'Капітальний ремонт по заміні дерев''яних віконних та дверних блоків на енергозберігаючі металопластикові в амбулаторії загальної практики сімейної медицини села Першотравневе Зміївського району Харківської області', 200, '2015-01-01', '2016-01-01', 120, 3, 456250),
(507, 3, 'Капітальний ремонт по заміні дерев''яних віконних блоків на енергозберігаючі металопластикові в Комсомольській гімназії №2 Зміївської районної ради Харківської області', 199, '2015-01-01', '2016-01-01', 120, 3, 456250),
(508, 3, 'Зберегти тепло в оселі – заощадити гроші держави і кожної родини (капітальний ремонт під''їздів)', 290, '2015-01-01', '2016-01-01', 120, 2, 456250),
(509, 3, '«Маленьким громадянам України – належну дошкільну освіту»', 170, '2015-01-01', '2016-01-01', 96, 3, 456250),
(510, 3, '«Разом зробимо добру справу: подаруємо тепло і затишок дітям»', 98, '2015-01-01', '2016-01-01', 120, 2, 456250),
(511, 3, '«Де тепло – там життя»', 98, '2015-01-01', '2016-01-01', 120, 2, 456250),
(512, 3, 'Реалізація молодіжної політики через спорт (заміна вікон у спортивній залі)', 105, '2015-01-01', '2016-01-01', 120, 3, 456250),
(513, 3, 'Ініціатива громади щодо впровадження принципу: ''Все краще – дітям''', 106, '2015-01-01', '2016-01-01', 114, 2, 456250),
(514, 3, '«Теплозбереження – крок до здорового розвитку дитини»', 104, '2015-01-01', '2016-01-01', 120, 2, 456250),
(515, 3, '«Тепло сердець»', 295, '2015-01-01', '2016-01-01', 120, 2, 456250),
(516, 3, 'Облаштування дитячого майданчика в с.Світле', 43, '2015-01-01', '2016-01-01', 120, 2, 456250),
(517, 3, 'Наші діточки маленькі потребують віконця тепленькі (капітальний ремонт по заміні вікон на металопластикові)', 99, '2015-01-01', '2016-01-01', 120, 2, 456250),
(518, 3, 'Збережемо тепло в садочку для наших діточок', 100, '2015-01-01', '2016-01-01', 120, 2, 456250),
(519, 3, 'Капітальний ремонт внутрішніх приміщень будівлі амбулаторії загальної практики – сімейної медицини в с.Наталине комунального закладу охорони здоров''я ''Центр первинної медико-санітарної допомоги Красноградського району Харківської області', 177, '2015-01-01', '2016-01-01', 120, 2, 456250),
(520, 3, 'Капітальний ремонт по заміні вікон на енергозберігаючі металопластикові Ленінської ЗОШ ІІІ ступенів Красноградської районної державної адміністрації Харківської області за адресою: вул.Молодіжна, с.Ленінка, Красноградський район, Харківської області', 174, '2015-01-01', '2016-01-01', 120, 3, 456250),
(521, 3, 'Капітальний ремонт системи теплопостачання в Піщанському НВК с.Піщанка Красноградського району Харківської області', 42, '2015-01-01', '2016-01-01', 120, 2, 456250),
(522, 3, 'Капітальний ремонт системи опалення Козіївського дошкільного навчального закладу', 135, '2015-01-01', '2016-01-01', 120, 2, 456250),
(523, 3, '«Про здоров''я дбаємо – дужими зростаємо»', 172, '2015-01-01', '2016-01-01', 88, 3, 456250),
(524, 3, '«Крок за кроком до Європи»', 179, '2015-01-01', '2016-01-01', 99, 3, 456250),
(525, 3, '«Енергоефективність – шлях до євроінтеграції»', 208, '2015-01-01', '2016-01-01', 99, 3, 456250),
(526, 3, 'Поточний ремонт приміщень дитячого навчального закладу у с.Грушине Первомайського району Харківської області', 126, '2015-01-01', '2016-01-01', 120, 2, 456250),
(527, 3, 'Ремонт покрівлі у сільському будинку культури с.Закутнівка Первомайського району Харківської області', 128, '2015-01-01', '2016-01-01', 120, 1, 456250),
(528, 3, 'Ремонт покрівлі Берецького навчально-виховного комплексу Первомайського району Харківської області', 125, '2015-01-01', '2016-01-01', 120, 2, 456250),
(529, 3, 'Поточний ремонт системи опалення Михайлівського НВК з впровадженням енергозберігаючих технологій', 55, '2015-01-01', '2016-01-01', 108, 3, 456250),
(530, 3, 'Енергозберігаючі заходи в будівлі ДНЗ с.Ржавчик Первомайського району Харківської області', 52, '2015-01-01', '2016-01-01', 120, 3, 456250),
(531, 3, 'Впровадження інноваційних енергозберігаючих технологій в приміщеннях стаціонарного відділення КЗОЗ ''Сахновщинська ЦРЛ''', 132, '2015-01-01', '2016-01-01', 99, 3, 456250),
(532, 3, 'Комфортні умови в лікарні – чорнобильцям, воїнамінтернаціоналістам', 314, '2015-01-01', '2016-01-01', 119, 2, 456250),
(533, 3, 'Робота з енергозбереження системи вуличного освітлення по вулиці Шевченка в смт Сахновщина Харківської області', 48, '2015-01-01', '2016-01-01', 107, 2, 456250),
(534, 3, 'Витрачаємо енергоресурси раціонально в Будинку культури селища Бабаї', 190, '2015-01-01', '2016-01-01', 105, 1, 456250),
(535, 3, 'Комфорт і затишок у Веселівській загальноосвітній школі І-ІІІ ступенів Харківської районної ради Харківської області', 117, '2015-01-01', '2016-01-01', 120, 2, 456250),
(536, 3, 'Заміна вікон та дверей у Мереф''янському міському будинку культури на енергозберігаючі', 49, '2015-01-01', '2016-01-01', 120, 3, 456250),
(537, 3, 'Наукове та інформаційне забезпечення територіальних громад', 175, '2015-01-01', '2016-01-01', 101, 2, 456250),
(538, 3, '«Енергозбереження та добробут в кожній оселі»', 293, '2015-01-01', '2016-01-01', 99, 3, 456250),
(539, 3, '«Надійна покрівля – міцне здоров''я»', 207, '2015-01-01', '2016-01-01', 120, 3, 456250),
(540, 3, '«Тепла школа – запорука здорової нації»', 171, '2015-01-01', '2016-01-01', 120, 2, 456250),
(541, 3, '«Теплі мрії наших дітей»', 95, '2015-01-01', '2016-01-01', 120, 2, 456250),
(542, 3, 'Відновлення опалення в Новомиколаївському Будинку культури', 178, '2015-01-01', '2016-01-01', 108, 1, 456250),
(543, 3, 'Заміна внутрішніх систем освітлення, електропостачання по вул.Гоголя, 3, м.Ізюм', 291, '2015-01-01', '2016-01-01', 107, 2, 456250),
(544, 3, 'Долаймо економічні проблеми разом!', 123, '2015-01-01', '2016-01-01', 99, 2, 456250),
(545, 3, 'Енергозбереження', 312, '2015-01-01', '2016-01-01', 99, 3, 456250),
(546, 3, 'Впровадження сучасних енергозберігаючих технологій для стадіону комунальної установи фізичної культури та спорту ''Міський центр фізичного здоров''я населення ''Спорт для всіх'' – ''Спартак''', 122, '2015-01-01', '2016-01-01', 119, 1, 456250),
(547, 3, '«Впевнений старт»', 6, '2015-01-01', '2016-01-01', 99, 3, 456250),
(548, 3, 'Тепло та затишок дітям', 67, '2015-01-01', '2016-01-01', 120, 2, 456250),
(549, 3, 'Світлиця ''Веселка'' (облаштування спеціальними меблями та обладнанням в приміщенні ГО ''Лозівського центру інвалідів, дітейінвалідів та їх батьків ''Жемчужинки'')', 47, '2015-01-01', '2016-01-01', 120, 2, 456250),
(550, 3, '«Зберігаючи електроенергію, ми дбаємо і про природу, і про себе» (заміна застарілих електроплит на енергозберігаючі в Лозівському ліцеї №4)', 107, '2015-01-01', '2016-01-01', 120, 3, 456250),
(551, 3, '«Спорт – моє життя» (капітальний ремонт туалетних кімнат в дитячоюнацькій спортивній школі ''Юність'' з урахуванням забезпечення безперешкодного доступу людей з обмеженими фізичними можливостями)', 112, '2015-01-01', '2016-01-01', 120, 3, 456250),
(552, 3, '«Тепло дитячих сердець» (встановлення теплового балансу в приміщеннях Лозівського дошкільного навчального закладу (ясла-садок) комбінованого типу №13 ''Росинка'' шляхом заміни вікон та дверей на енергозберігаючі)', 102, '2015-01-01', '2016-01-01', 120, 2, 456250),
(553, 3, '«Тепло, як вдома» (створення комфортних умов лікування дітей шляхом заміни вікон на металопластикові)', 149, '2015-01-01', '2016-01-01', 120, 2, 456250),
(554, 3, 'Організуй дозвілля людини з особливими потребами (підготовка актової зали управління праці та соцзахисту населення Лозівської міської ради Харківської області для проведення масових заходів людей з особливими потребами)', 120, '2015-01-01', '2016-01-01', 113, 2, 456250),
(555, 3, 'Від енергоефективності до економії (заміна вікон на енергозберігаючі)', 103, '2015-01-01', '2016-01-01', 120, 3, 456250),
(556, 3, 'Сучасній музичній школі – сучасне опалення (заміна газового котла у Люботинській дитячій музичній школі)', 108, '2015-01-01', '2016-01-01', 108, 3, 456250),
(557, 3, '«Затишний дім»', 116, '2015-01-01', '2016-01-01', 105, 3, 456250),
(558, 3, 'Енергозбереження – крок до майбутнього дитини (капітальний ремонт по заміні дерев''яних віконних блоків на енергозберігаючі металопластикові в актовій залі та їдальні)', 110, '2015-01-01', '2016-01-01', 120, 3, 456250),
(559, 3, 'Центр соціально-психологічної допомоги', 143, '2015-01-01', '2016-01-01', 113, 2, 456250),
(560, 3, '«Життя без меж»', 137, '2015-01-01', '2016-01-01', 99, 3, 456250),
(561, 3, '«Турбота про літніх»', 50, '2015-01-01', '2016-01-01', 113, 3, 456250),
(562, 3, 'Школа – територія здоров''я та спорту (капітальний ремонт покрівлі над спортивною залою)', 111, '2015-01-01', '2016-01-01', 120, 2, 456250),
(563, 3, 'Утеплення фасаду житлового будинку по вул.Заводська, 20', 294, '2015-01-01', '2016-01-01', 105, 2, 456250),
(564, 3, 'Капітальний ремонт із заміни вікон і дверей на металопластикові в актовому залі ЗОШ №6', 142, '2015-01-01', '2016-01-01', 120, 2, 456250),
(565, 3, 'Збережемо тепло для себе і держави (встановлення енергозберігаючих вікон та дверей в 1 під''їзді будинку №5 4-го мікрорайону)', 142, '2015-01-01', '2016-01-01', 120, 2, 456250),
(566, 3, 'Краєзнавчому музею – енергозберігаючі вікна', 142, '2015-01-01', '2016-01-01', 120, 3, 456250),
(567, 3, '«Світ, в якому дітям тепло»', 142, '2015-01-01', '2016-01-01', 120, 2, 456250),
(568, 3, 'Енергозбереження та покращення умов праці робітників харчоблоків дошкільних навчальних закладів (придбання)', 142, '2015-01-01', '2016-01-01', 120, 3, 456250),
(569, 3, 'Капітальний ремонт освітлення спортзалів ЗОШ №7', 142, '2015-01-01', '2016-01-01', 107, 2, 456250),
(570, 3, 'Капітальний ремонт із заміни вікон на металопластикові в спортзалі гімназії №3', 142, '2015-01-01', '2016-01-01', 120, 2, 456250),
(571, 3, 'Капітальний ремонт із заміни вікон і дверей на металопластикові в ДНЗ №5', 142, '2015-01-01', '2016-01-01', 120, 2, 456250),
(572, 3, 'Капітальний ремонт по заміні дерев''яних віконних та дверних блоків на енергозберігаючі металопластикові та металеві у Борщівському НВК Балаклійської районної ради по вул.Комсомольська,43, с.Борщівка', 158, '2015-01-01', '2016-01-01', 120, 3, 456250),
(573, 3, 'Капітальний ремонт по заміні дерев''яних віконних блоків на металопластикові в Бригадирівській ЗОШ І-ІІІ ступенів Балаклійської районної ради Харківської області', 159, '2015-01-01', '2016-01-01', 120, 2, 456250),
(574, 3, 'Капітальний ремонт по заміні дерев''яних вікон на металопластикові у Протопопівській ЗОШ І-ІІІ ступенів Балаклійської районної ради Харківської області', 181, '2015-01-01', '2016-01-01', 120, 2, 456250),
(575, 3, 'Заміна старих вікон на енергозберігаючі в приміщенні гуртожитку Балаклійської філії КЗ ''ХГПА''', 138, '2015-01-01', '2016-01-01', 120, 3, 456250),
(576, 3, 'Сонечко у долонях (заміна вікон у кабінетах початкової ланки Гусарівської ЗОШ І-ІІІ ст)', 165, '2015-01-01', '2016-01-01', 120, 3, 456250),
(577, 3, '«Збережи тепло - збережи Україну»', 155, '2015-01-01', '2016-01-01', 120, 2, 456250),
(578, 3, '«Наша оселя»', 296, '2015-01-01', '2016-01-01', 120, 3, 456250),
(579, 3, '«Енергозбереження - вимога часу»', 162, '2015-01-01', '2016-01-01', 99, 3, 456250),
(580, 3, '«Турботу і тепло – дітям»', 210, '2015-01-01', '2016-01-01', 120, 2, 456250),
(581, 3, '«Енергозбереженню - широку дорогу: енергія і тепло заради майбутнього»', 118, '2015-01-01', '2016-01-01', 110, 2, 456250),
(582, 3, '«Збережи тепло»', 124, '2015-01-01', '2016-01-01', 120, 2, 456250),
(583, 3, '«Дбаємо про затишок і тепло нашої малечі»', 196, '2015-01-01', '2016-01-01', 120, 2, 456250),
(584, 3, '«Тепло і затишок - здорові діти!»', 173, '2015-01-01', '2016-01-01', 120, 2, 456250),
(585, 3, '«Тепло ліцею - запорука здоров''я дітей!»', 196, '2015-01-01', '2016-01-01', 120, 2, 456250),
(586, 3, '«Ветеран - гордість народу»', 45, '2015-01-01', '2016-01-01', 29, 3, 456250),
(587, 3, 'Капітальний ремонт по заміні дерев''яних віконних та дверних блоків на енергозберігаючі металопластикові в Чемужівській ЗОШ І-ІІІ ступенів Зміївської районної ради Харківської області', 186, '2015-01-01', '2016-01-01', 120, 3, 456250),
(588, 3, 'Капітальний ремонт по заміні дерев''яних віконних блоків на енергозберігаючі металопластикові в Шебелинській ЗОШ І-ІІІ ступенів Зміївської районної ради Харківської області', 193, '2015-01-01', '2016-01-01', 120, 3, 456250),
(589, 3, 'Енергозберігаючі заходи в дошкільному підрозділі Капитолівського НВК по вулиці Перемоги в селі Капитолівка Ізюмського району Харківської області. Капітальний ремонт. Заміна вікон', 51, '2015-01-01', '2016-01-01', 120, 3, 456250),
(590, 3, 'Енергозберігаючі заходи в Мажарському ЗНВК. Заміна вікон та дверей на енергозберігаючі', 144, '2015-01-01', '2016-01-01', 120, 3, 456250),
(591, 3, 'Капітальний ремонт будівлі насосної станції 2-го підйому водозабірних споруд по провулку Геологів, б/н у м.Краснограді Харківської області', 141, '2015-01-01', '2016-01-01', 102, 2, 456250),
(592, 3, 'Гарні вікна - в дитсадок для маленьких діточок (капітальний ремонт по заміні вікон та дверей в дошкільному підрозділі Красноградського НВК №3)', 101, '2015-01-01', '2016-01-01', 120, 2, 456250),
(593, 3, 'Енергозбереження. Заміна вікон та дверей у сільському Будинку культури', 53, '2015-01-01', '2016-01-01', 120, 3, 456250),
(594, 3, 'Термореновація нежитлової будівлі комунальної власності Дмитрівської сільської ради за адресою с.Дмитрівка вул.Леніна 1б Первомайського району Харківської області (ФАП, бібліотека, сільрада, клуб)', 127, '2015-01-01', '2016-01-01', 108, 2, 456250);
INSERT INTO `project` (`id`, `global_program`, `name`, `customer`, `time_start`, `time_finish`, `program`, `financing_id`, `cost`) VALUES
(595, 3, 'Реконструкція вуличного освітлення селища Комсомольський, вул.Залізнична ТП-0008, Первомайського району Харківської області, з впровадженням енергозберігаючих технологій', 130, '2015-01-01', '2016-01-01', 107, 2, 456250),
(596, 3, '«Книга у теплих долоньках дитини»', 156, '2015-01-01', '2016-01-01', 120, 2, 456250),
(597, 3, 'Впровадження сучасних енергозберігаючих технологій для ОСББ ''Мерефа - Центральна'' Харківського району', 292, '2015-01-01', '2016-01-01', 99, 3, 456250),
(598, 3, 'Капітальний ремонт по заміні дерев''яних віконних блоків на енергозберігаючі Куп''янської ЗОШ ІІІІ ступенів №6 Куп''янської міської ради Харківської області', 146, '2015-01-01', '2016-01-01', 120, 3, 456250),
(599, 3, '«Тепло та затишок дітям»', 44, '2015-01-01', '2016-01-01', 120, 2, 456250),
(600, 3, 'Заміна вікон та вхідних дверей на енергозберігаючі в Палаці культури ім.В.І.Кошелєва смт Ківшарівка', 204, '2015-01-01', '2016-01-01', 120, 3, 456250),
(601, 3, 'Енергетична незалежність - майбутнє України, ми змінимо країну разом (утеплення фасаду будівлі)', 96, '2015-01-01', '2016-01-01', 120, 2, 456250),
(602, 3, 'Тепло нашим дітям не тільки від любові… (утеплення приміщення Панютинської дитячої музичної школи)', 109, '2015-01-01', '2016-01-01', 120, 2, 456250),
(603, 3, 'Капітальний ремонт із заміни вікон на металопластикові в спортзалі і харчоблоку ЗОШ №2', 142, '2015-01-01', '2016-01-01', 120, 2, 456250),
(604, 3, 'Капітальний ремонт із заміни вікон на металопластикові в спортзалі гімназії №3', 142, '2015-01-01', '2016-01-01', 120, 2, 456250),
(605, 3, 'Збережемо тепло в нашому садочку - будуть здорові наші онуки, сини та дочки (капітальний ремонт по заміні дерев''яних віконних блоків на енергозберігаючі металопластикові)', 93, '2015-01-01', '2016-01-01', 120, 2, 456250),
(606, 3, 'З турботою про дітей (капітальний ремонт по заміні дерев''яних віконних та дверних блоків на енергозберігаючі металопластикові)', 94, '2015-01-01', '2016-01-01', 120, 1, 456250),
(607, 3, 'Зігріти теплом серце кожного (капітальний ремонт по заміні дерев''яних віконних блоків на енергозберігаючі металопластикові в їдальні, актовій та спортивній залах)', 97, '2015-01-01', '0000-00-00', 120, 2, 0),
(618, NULL, 'Diploma project', 0, '2016-03-01', '2016-06-17', 0, 0, 135000),
(619, NULL, 'Дипломная работа', 0, '0000-00-00', '0000-00-00', 0, 0, 0);

-- --------------------------------------------------------

--
-- Структура таблицы `targets`
--

CREATE TABLE IF NOT EXISTS `targets` (
  `id` int(11) NOT NULL AUTO_INCREMENT,
  `name` varchar(255) COLLATE cp1251_ukrainian_ci NOT NULL,
  `start_value` varchar(100) COLLATE cp1251_ukrainian_ci NOT NULL,
  `finsish_value` varchar(100) COLLATE cp1251_ukrainian_ci NOT NULL,
  PRIMARY KEY (`id`)
) ENGINE=InnoDB  DEFAULT CHARSET=cp1251 COLLATE=cp1251_ukrainian_ci AUTO_INCREMENT=25 ;

--
-- Дамп данных таблицы `targets`
--

INSERT INTO `targets` (`id`, `name`, `start_value`, `finsish_value`) VALUES
(1, 'Валовий регіональний продукт (ВРП) у розрахунку на одну особу', '31128 грн', '55521 грн'),
(2, 'Обсяг прямих іноземних інвестицій у розрахунку на одну особу', '634,9 USD', '1745 USD'),
(3, 'Експорт товарів у розрахунку на одну особу', '725 USD', '1165 USD'),
(4, 'Питома вага інноваційної продукції у загальному обсязі реалізованої промислової продукції', '3,8%', '5,2%'),
(5, 'Енергоємність ВРП (т.у.п./1 тис. USD по ПКС)', '0,55', '0,37 (на 2021 р.)'),
(6, 'Енерговикидомісткість ВРП', '2,01 г/грн', '1,28 г/грн'),
(7, 'Локалізація в регіоні виробництва м‘яса та молока від мінімальної норми споживання населенням області', '41% (м‘ясо) 52% (молоко)', '60%'),
(8, 'Питома вага відновлюваних джерел енергії у валовому кінцевому обсязі споживання енергії в системах опалення та охолодження, у виробництві електроенергії та транспортному секторі', '3,8%', '11%'),
(9, 'Питома вага утилізованих відходів у загальній кількості утворених', '9,4%', '28,6%'),
(10, 'Кількість малих підприємств на 10 тис. наявного населення', '91', '95'),
(11, 'Кількість середніх підприємств на 10 тис. наявного населення', '4', '8'),
(12, 'Наявний дохід у розрахунку на одну особу', '27516,7 грн', '36294 грн'),
(13, 'Середньомісячна номінальна заробітна плата', '3143 грн', '5302 грн'),
(14, 'Рівень безробіття за методологією Міжнародної організації праці', '7,8%', '6%'),
(15, 'Загальний коефіцієнт вибуття сільського населення на 1 тис. наявного сільського населення', '12,7', '12,8'),
(16, 'Забезпеченість населення лікарями всіх спеціальностей на 10 тис. наявного населення на кінець року', '56,6', '13,6'),
(17, 'Рівень смертності на 1 тис. населення', '17,5', '13,6'),
(18, 'Середня тривалість життя', '72,14', '+3 роки'),
(19, 'Охоплення дітей дошкільними навчальними закладами в міській місцевості', '68%', '70%'),
(20, 'Охоплення дітей дошкільними навчальними закладами в сільській місцевості', '40%', '45%'),
(21, 'Проникнення широкосмугового Інтернету (абонентів на 100 осіб)', '6,62', '25'),
(22, 'Питома вага випускників шкіл, які володіють двома іноземними мовами (підтверджується міжнародними сертифікатами)', 'не обрах.', '75%'),
(23, 'Площа земель природно-заповідного фонду', '74,2 тис. га', '282,8 тис. га'),
(24, 'Питома вага площі природно заповідного фонду до площі адміністративно-територіальної одиниці', '2,4%', '9%');

-- --------------------------------------------------------

--
-- Дублирующая структура для представления `view_all_program_tree`
--
CREATE TABLE IF NOT EXISTS `view_all_program_tree` (
`lvl1` varchar(200)
,`lvl2` varchar(200)
,`lvl3` varchar(200)
,`lvl4` varchar(200)
);
-- --------------------------------------------------------

--
-- Дублирующая структура для представления `view_all_program_tree_and_id`
--
CREATE TABLE IF NOT EXISTS `view_all_program_tree_and_id` (
`one` varchar(200)
,`two` varchar(200)
,`three` varchar(200)
,`five` varchar(200)
,`ID` int(11)
);
-- --------------------------------------------------------

--
-- Дублирующая структура для представления `view_project_and_customer`
--
CREATE TABLE IF NOT EXISTS `view_project_and_customer` (
`project_name` varchar(255)
,`start_time` date
,`finish_time` date
,`customer` varchar(255)
);
-- --------------------------------------------------------

--
-- Дублирующая структура для представления `view_project_info`
--
CREATE TABLE IF NOT EXISTS `view_project_info` (
`project_name` varchar(255)
,`customer_name` varchar(255)
,`customrt_type` varchar(255)
,`financing_name` varchar(255)
);
-- --------------------------------------------------------

--
-- Структура для представления `all_data`
--
DROP TABLE IF EXISTS `all_data`;

CREATE ALGORITHM=UNDEFINED DEFINER=`root`@`localhost` SQL SECURITY DEFINER VIEW `all_data` AS select `view_all_program_tree_and_id`.`one` AS `lvl_one`,`view_all_program_tree_and_id`.`two` AS `lvl_two`,`view_all_program_tree_and_id`.`three` AS `lvl_tree`,`view_all_program_tree_and_id`.`five` AS `lvl_four`,`project`.`name` AS `project`,`project`.`time_start` AS `time_start`,`project`.`time_finish` AS `time_finish` from (`view_all_program_tree_and_id` join `project` on((`project`.`program` = `view_all_program_tree_and_id`.`ID`))) where 1;

-- --------------------------------------------------------

--
-- Структура для представления `view_all_program_tree`
--
DROP TABLE IF EXISTS `view_all_program_tree`;

CREATE ALGORITHM=UNDEFINED DEFINER=`root`@`localhost` SQL SECURITY DEFINER VIEW `view_all_program_tree` AS select `t1`.`name` AS `lvl1`,`t2`.`name` AS `lvl2`,`t3`.`name` AS `lvl3`,`t4`.`name` AS `lvl4` from (((`adjacency_list` `t1` left join `adjacency_list` `t2` on((`t2`.`parent_id` = `t1`.`id`))) left join `adjacency_list` `t3` on((`t3`.`parent_id` = `t2`.`id`))) left join `adjacency_list` `t4` on((`t4`.`parent_id` = `t3`.`id`))) where (`t1`.`id` = 1);

-- --------------------------------------------------------

--
-- Структура для представления `view_all_program_tree_and_id`
--
DROP TABLE IF EXISTS `view_all_program_tree_and_id`;

CREATE ALGORITHM=UNDEFINED DEFINER=`root`@`localhost` SQL SECURITY DEFINER VIEW `view_all_program_tree_and_id` AS select `t1`.`name` AS `one`,`t2`.`name` AS `two`,`t3`.`name` AS `three`,`t4`.`name` AS `five`,`t4`.`id` AS `ID` from (((`adjacency_list` `t1` left join `adjacency_list` `t2` on((`t1`.`id` = `t2`.`parent_id`))) left join `adjacency_list` `t3` on((`t2`.`id` = `t3`.`parent_id`))) left join `adjacency_list` `t4` on((`t3`.`id` = `t4`.`parent_id`))) where (`t1`.`id` = 1);

-- --------------------------------------------------------

--
-- Структура для представления `view_project_and_customer`
--
DROP TABLE IF EXISTS `view_project_and_customer`;

CREATE ALGORITHM=UNDEFINED DEFINER=`root`@`localhost` SQL SECURITY DEFINER VIEW `view_project_and_customer` AS select `project`.`name` AS `project_name`,`project`.`time_start` AS `start_time`,`project`.`time_finish` AS `finish_time`,`customer`.`name` AS `customer` from (`project` join `customer` on((`project`.`customer` = `customer`.`id`))) where 1;

-- --------------------------------------------------------

--
-- Структура для представления `view_project_info`
--
DROP TABLE IF EXISTS `view_project_info`;

CREATE ALGORITHM=UNDEFINED DEFINER=`root`@`localhost` SQL SECURITY DEFINER VIEW `view_project_info` AS select `project`.`name` AS `project_name`,`customer`.`name` AS `customer_name`,`customer_type`.`name` AS `customrt_type`,`financing`.`name` AS `financing_name` from (((`customer_type` join `customer` on((`customer`.`id_type` = `customer_type`.`id`))) join `project` on((`customer`.`id` = `project`.`customer`))) join `financing` on((`financing`.`id` = `project`.`financing_id`)));

--
-- Ограничения внешнего ключа сохраненных таблиц
--

--
-- Ограничения внешнего ключа таблицы `customer`
--
ALTER TABLE `customer`
  ADD CONSTRAINT `customer_ibfk_1` FOREIGN KEY (`id_type`) REFERENCES `customer_type` (`id`) ON DELETE CASCADE ON UPDATE CASCADE;

/*!40101 SET CHARACTER_SET_CLIENT=@OLD_CHARACTER_SET_CLIENT */;
/*!40101 SET CHARACTER_SET_RESULTS=@OLD_CHARACTER_SET_RESULTS */;
/*!40101 SET COLLATION_CONNECTION=@OLD_COLLATION_CONNECTION */;
